Date,Max_TemperatureF,Mean_TemperatureF,Min_TemperatureF,AirPtCd,ID
8/1/2017,84,70,55,KBHB,1
8/2/2017,80,68,57,KBHB,1
8/3/2017,75,68,60,KBHB,1
8/4/2017,75,68,60,KBHB,1
8/5/2017,73,68,62,KBHB,1
8/6/2017,73,65,57,KBHB,1
8/7/2017,75,64,54,KBHB,1
8/8/2017,64,60,57,KBHB,1
8/9/2017,75,63,51,KBHB,1
8/10/2017,77,66,55,KBHB,1
8/11/2017,77,67,57,KBHB,1
8/12/2017,68,64,59,KBHB,1
8/13/2017,77,70,60,KBHB,1
8/14/2017,79,67,55,KBHB,1
8/15/2017,73,66,60,KBHB,1
8/16/2017,77,69,59,KBHB,1
8/17/2017,77,66,55,KBHB,1
8/18/2017,66,58,51,KBHB,1
8/19/2017,72,64,57,KBHB,1
8/20/2017,81,72,62,KBHB,1
8/21/2017,79,68,57,KBHB,1
8/22/2017,77,67,57,KBHB,1
8/23/2017,79,68,57,KBHB,1
8/24/2017,78,65,52,KBHB,1
8/25/2017,72,60,48,KBHB,1
8/26/2017,71,60,50,KBHB,1
8/27/2017,73,62,50,KBHB,1
8/28/2017,73,58,44,KBHB,1
8/29/2017,72,58,45,KBHB,1
8/30/2017,64,58,52,KBHB,1
8/31/2017,73,60,48,KBHB,1
8/1/2017,87,72,57,KBGR,2
8/2/2017,87,72,57,KBGR,2
8/3/2017,84,75,65,KBGR,2
8/4/2017,82,73,64,KBGR,2
8/5/2017,81,74,66,KBGR,2
8/6/2017,73,65,56,KBGR,2
8/7/2017,80,65,50,KBGR,2
8/8/2017,72,64,55,KBGR,2
8/9/2017,83,68,52,KBGR,2
8/10/2017,82,69,55,KBGR,2
8/11/2017,84,72,60,KBGR,2
8/12/2017,77,70,62,KBGR,2
8/13/2017,84,74,63,KBGR,2
8/14/2017,83,69,54,KBGR,2
8/15/2017,80,69,57,KBGR,2
8/16/2017,78,68,57,KBGR,2
8/17/2017,80,66,51,KBGR,2
8/18/2017,69,60,51,KBGR,2
8/19/2017,74,67,60,KBGR,2
8/20/2017,82,72,62,KBGR,2
8/21/2017,85,72,58,KBGR,2
8/22/2017,86,74,61,KBGR,2
8/23/2017,82,69,56,KBGR,2
8/24/2017,79,66,52,KBGR,2
8/25/2017,73,61,48,KBGR,2
8/26/2017,75,61,46,KBGR,2
8/27/2017,76,62,48,KBGR,2
8/28/2017,80,61,42,KBGR,2
8/29/2017,78,62,45,KBGR,2
8/30/2017,69,61,52,KBGR,2
8/31/2017,74,60,46,KBGR,2
8/1/2017,86,75,63,KPWM,3
8/2/2017,84,72,60,KPWM,3
8/3/2017,80,73,65,KPWM,3
8/4/2017,77,70,63,KPWM,3
8/5/2017,73,68,62,KPWM,3
8/6/2017,77,67,57,KPWM,3
8/7/2017,79,66,52,KPWM,3
8/8/2017,73,66,59,KPWM,3
8/9/2017,82,68,53,KPWM,3
8/10/2017,81,70,59,KPWM,3
8/11/2017,79,71,62,KPWM,3
8/12/2017,73,69,64,KPWM,3
8/13/2017,86,74,61,KPWM,3
8/14/2017,81,68,55,KPWM,3
8/15/2017,79,69,59,KPWM,3
8/16/2017,82,69,56,KPWM,3
8/17/2017,83,67,50,KPWM,3
8/18/2017,67,64,60,KPWM,3
8/19/2017,80,70,60,KPWM,3
8/20/2017,84,73,62,KPWM,3
8/21/2017,86,72,58,KPWM,3
8/22/2017,82,72,61,KPWM,3
8/23/2017,80,70,60,KPWM,3
8/24/2017,79,67,54,KPWM,3
8/25/2017,74,64,53,KPWM,3
8/26/2017,75,63,50,KPWM,3
8/27/2017,74,62,50,KPWM,3
8/28/2017,73,62,50,KPWM,3
8/29/2017,69,58,47,KPWM,3
8/30/2017,74,63,52,KPWM,3
8/31/2017,77,64,50,KPWM,3
8/1/2017,80,74,67,KBOS,4
8/2/2017,81,75,68,KBOS,4
8/3/2017,84,75,66,KBOS,4
8/4/2017,85,77,68,KBOS,4
8/5/2017,77,72,67,KBOS,4
8/6/2017,79,71,63,KBOS,4
8/7/2017,78,71,64,KBOS,4
8/8/2017,75,69,62,KBOS,4
8/9/2017,85,75,65,KBOS,4
8/10/2017,82,74,66,KBOS,4
8/11/2017,77,70,63,KBOS,4
8/12/2017,76,70,63,KBOS,4
8/13/2017,86,78,70,KBOS,4
8/14/2017,78,71,63,KBOS,4
8/15/2017,80,73,66,KBOS,4
8/16/2017,85,76,66,KBOS,4
8/17/2017,83,73,63,KBOS,4
8/18/2017,81,73,65,KBOS,4
8/19/2017,74,70,65,KBOS,4
8/20/2017,85,79,72,KBOS,4
8/21/2017,87,78,69,KBOS,4
8/22/2017,91,81,70,KBOS,4
8/23/2017,84,77,69,KBOS,4
8/24/2017,81,73,64,KBOS,4
8/25/2017,76,70,63,KBOS,4
8/26/2017,74,67,60,KBOS,4
8/27/2017,71,65,58,KBOS,4
8/28/2017,72,65,57,KBOS,4
8/29/2017,68,63,58,KBOS,4
8/30/2017,72,66,59,KBOS,4
8/31/2017,79,70,60,KBOS,4
8/1/2017,86,75,64,KPVD,5
8/2/2017,86,77,68,KPVD,5
8/3/2017,81,75,68,KPVD,5
8/4/2017,81,75,68,KPVD,5
8/5/2017,76,71,66,KPVD,5
8/6/2017,78,69,60,KPVD,5
8/7/2017,75,67,59,KPVD,5
8/8/2017,78,71,63,KPVD,5
8/9/2017,83,72,60,KPVD,5
8/10/2017,83,72,60,KPVD,5
8/11/2017,81,71,61,KPVD,5
8/12/2017,75,69,62,KPVD,5
8/13/2017,86,77,68,KPVD,5
8/14/2017,82,72,62,KPVD,5
8/15/2017,79,72,65,KPVD,5
8/16/2017,88,77,65,KPVD,5
8/17/2017,82,72,61,KPVD,5
8/18/2017,80,72,64,KPVD,5
8/19/2017,91,82,72,KPVD,5
8/20/2017,85,76,67,KPVD,5
8/21/2017,87,76,64,KPVD,5
8/22/2017,90,80,69,KPVD,5
8/23/2017,86,75,63,KPVD,5
8/24/2017,83,71,58,KPVD,5
8/25/2017,79,69,58,KPVD,5
8/26/2017,77,66,54,KPVD,5
8/27/2017,79,67,55,KPVD,5
8/28/2017,79,67,54,KPVD,5
8/29/2017,72,64,56,KPVD,5
8/30/2017,74,67,59,KPVD,5
8/31/2017,82,71,59,KPVD,5
8/1/2017,90,78,66,KMHT,6
8/2/2017,88,77,66,KMHT,6
8/3/2017,87,76,65,KMHT,6
8/4/2017,86,77,68,KMHT,6
8/5/2017,76,70,63,KMHT,6
8/6/2017,77,68,59,KMHT,6
8/7/2017,77,67,57,KMHT,6
8/8/2017,76,69,61,KMHT,6
8/9/2017,85,71,57,KMHT,6
8/10/2017,86,74,61,KMHT,6
8/11/2017,82,74,65,KMHT,6
8/12/2017,79,71,63,KMHT,6
8/13/2017,84,74,63,KMHT,6
8/14/2017,81,70,59,KMHT,6
8/15/2017,76,70,64,KMHT,6
8/16/2017,83,73,62,KMHT,6
8/17/2017,82,68,53,KMHT,6
8/18/2017,71,67,63,KMHT,6
8/19/2017,86,75,64,KMHT,6
8/20/2017,82,74,65,KMHT,6
8/21/2017,85,73,60,KMHT,6
8/22/2017,90,79,67,KMHT,6
8/23/2017,80,72,63,KMHT,6
8/24/2017,79,68,57,KMHT,6
8/25/2017,75,65,54,KMHT,6
8/26/2017,75,63,50,KMHT,6
8/27/2017,77,65,53,KMHT,6
8/28/2017,76,65,53,KMHT,6
8/29/2017,68,60,52,KMHT,6
8/30/2017,74,66,57,KMHT,6
8/31/2017,76,64,51,KMHT,6
8/1/2017,79,68,56,KMPV,7
8/2/2017,85,69,53,KMPV,7
8/3/2017,83,70,57,KMPV,7
8/4/2017,82,71,59,KMPV,7
8/5/2017,74,67,60,KMPV,7
8/6/2017,67,61,54,KMPV,7
8/7/2017,73,62,50,KMPV,7
8/8/2017,72,62,52,KMPV,7
8/9/2017,77,63,48,KMPV,7
8/10/2017,81,69,56,KMPV,7
8/11/2017,80,69,57,KMPV,7
8/12/2017,78,68,58,KMPV,7
8/13/2017,74,63,51,KMPV,7
8/14/2017,78,64,49,KMPV,7
8/15/2017,79,65,51,KMPV,7
8/16/2017,69,59,48,KMPV,7
8/17/2017,73,60,46,KMPV,7
8/18/2017,68,63,57,KMPV,7
8/19/2017,79,71,62,KMPV,7
8/20/2017,75,66,56,KMPV,7
8/21/2017,81,67,53,KMPV,7
8/22/2017,84,71,57,KMPV,7
8/23/2017,72,63,53,KMPV,7
8/24/2017,69,59,49,KMPV,7
8/25/2017,65,55,45,KMPV,7
8/26/2017,68,55,42,KMPV,7
8/27/2017,69,55,40,KMPV,7
8/28/2017,73,59,44,KMPV,7
8/29/2017,64,54,43,KMPV,7
8/30/2017,71,59,46,KMPV,7
8/31/2017,65,54,43,KMPV,7
8/1/2017,89,72,57,KCEF,8
8/2/2017,88,74,62,KCEF,8
8/3/2017,85,74,64,KCEF,8
8/4/2017,84,74,67,KCEF,8
8/5/2017,80,72,65,KCEF,8
8/6/2017,77,68,56,KCEF,8
8/7/2017,70,60,51,KCEF,8
8/8/2017,78,67,56,KCEF,8
8/9/2017,84,66,48,KCEF,8
8/10/2017,86,71,57,KCEF,8
8/11/2017,82,70,57,KCEF,8
8/12/2017,79,70,62,KCEF,8
8/13/2017,83,72,61,KCEF,8
8/14/2017,81,68,55,KCEF,8
8/15/2017,76,69,62,KCEF,8
8/16/2017,84,72,61,KCEF,8
8/17/2017,81,66,51,KCEF,8
8/18/2017,80,72,66,KCEF,8
8/19/2017,87,78,68,KCEF,8
8/20/2017,83,71,60,KCEF,8
8/21/2017,86,69,53,KCEF,8
8/22/2017,90,76,63,KCEF,8
8/23/2017,79,68,55,KCEF,8
8/24/2017,77,64,50,KCEF,8
8/25/2017,74,64,51,KCEF,8
8/26/2017,74,59,44,KCEF,8
8/27/2017,76,60,44,KCEF,8
8/28/2017,76,60,46,KCEF,8
8/29/2017,66,57,48,KCEF,8
8/30/2017,74,64,50,KCEF,8
8/31/2017,77,60,46,KCEF,8
8/1/2017,86,75,64,KHVN,9
8/2/2017,84,75,66,KHVN,9
8/3/2017,84,73,64,KHVN,9
8/4/2017,84,78,72,KHVN,9
8/5/2017,80,74,69,KHVN,9
8/6/2017,75,68,62,KHVN,9
8/7/2017,72,66,59,KHVN,9
8/8/2017,79,71,62,KHVN,9
8/9/2017,79,68,57,KHVN,9
8/10/2017,82,72,62,KHVN,9
8/11/2017,80,71,64,KHVN,9
8/12/2017,75,68,62,KHVN,9
8/13/2017,84,76,66,KHVN,9
8/14/2017,82,71,63,KHVN,9
8/15/2017,75,72,69,KHVN,9
8/16/2017,86,76,69,KHVN,9
8/17/2017,80,70,62,KHVN,9
8/18/2017,81,76,71,KHVN,9
8/19/2017,84,78,73,KHVN,9
8/20/2017,82,74,64,KHVN,9
8/21/2017,82,72,61,KHVN,9
8/22/2017,86,78,73,KHVN,9
8/23/2017,81,74,62,KHVN,9
8/24/2017,80,69,59,KHVN,9
8/25/2017,77,70,62,KHVN,9
8/26/2017,75,65,55,KHVN,9
8/27/2017,77,66,55,KHVN,9
8/28/2017,75,64,55,KHVN,9
8/29/2017,70,64,57,KHVN,9
8/30/2017,75,67,59,KHVN,9
8/31/2017,81,70,61,KHVN,9
8/1/2017,87,75,62,KALB,10
8/2/2017,85,75,64,KALB,10
8/3/2017,86,76,65,KALB,10
8/4/2017,84,77,70,KALB,10
8/5/2017,80,71,62,KALB,10
8/6/2017,76,65,54,KALB,10
8/7/2017,72,65,57,KALB,10
8/8/2017,80,69,58,KALB,10
8/9/2017,84,69,53,KALB,10
8/10/2017,85,73,60,KALB,10
8/11/2017,78,71,64,KALB,10
8/12/2017,81,72,63,KALB,10
8/13/2017,82,73,63,KALB,10
8/14/2017,79,68,57,KALB,10
8/15/2017,79,72,64,KALB,10
8/16/2017,83,72,60,KALB,10
8/17/2017,81,67,52,KALB,10
8/18/2017,77,74,71,KALB,10
8/19/2017,84,74,63,KALB,10
8/20/2017,81,72,63,KALB,10
8/21/2017,85,73,60,KALB,10
8/22/2017,89,79,68,KALB,10
8/23/2017,77,69,60,KALB,10
8/24/2017,75,66,56,KALB,10
8/25/2017,74,65,55,KALB,10
8/26/2017,73,61,49,KALB,10
8/27/2017,75,62,49,KALB,10
8/28/2017,75,63,50,KALB,10
8/29/2017,64,59,54,KALB,10
8/30/2017,77,66,54,KALB,10
8/31/2017,74,63,51,KALB,10
8/1/2017,92,82,71,KNYC,11
8/2/2017,86,78,69,KNYC,11
8/3/2017,87,78,68,KNYC,11
8/4/2017,84,77,69,KNYC,11
8/5/2017,78,74,69,KNYC,11
8/6/2017,76,70,64,KNYC,11
8/7/2017,71,68,64,KNYC,11
8/8/2017,78,72,65,KNYC,11
8/9/2017,85,75,64,KNYC,11
8/10/2017,83,76,68,KNYC,11
8/11/2017,82,76,69,KNYC,11
8/12/2017,77,71,64,KNYC,11
8/13/2017,83,77,71,KNYC,11
8/14/2017,80,75,70,KNYC,11
8/15/2017,74,71,68,KNYC,11
8/16/2017,87,79,70,KNYC,11
8/17/2017,83,76,69,KNYC,11
8/18/2017,82,78,73,KNYC,11
8/19/2017,86,80,73,KNYC,11
8/20/2017,81,75,69,KNYC,11
8/21/2017,87,79,71,KNYC,11
8/22/2017,89,81,72,KNYC,11
8/23/2017,81,76,70,KNYC,11
8/24/2017,80,73,65,KNYC,11
8/25/2017,78,71,63,KNYC,11
8/26/2017,78,70,62,KNYC,11
8/27/2017,78,71,63,KNYC,11
8/28/2017,76,70,63,KNYC,11
8/29/2017,68,66,64,KNYC,11
8/30/2017,78,69,60,KNYC,11
8/31/2017,81,73,64,KNYC,11
8/1/2017,91,80,69,KACY,12
8/2/2017,87,78,69,KACY,12
8/3/2017,85,76,66,KACY,12
8/4/2017,84,79,73,KACY,12
8/5/2017,82,73,63,KACY,12
8/6/2017,82,71,59,KACY,12
8/7/2017,76,72,67,KACY,12
8/8/2017,79,72,64,KACY,12
8/9/2017,83,72,61,KACY,12
8/10/2017,82,70,58,KACY,12
8/11/2017,82,72,61,KACY,12
8/12/2017,79,77,74,KACY,12
8/13/2017,87,76,65,KACY,12
8/14/2017,82,73,63,KACY,12
8/15/2017,77,74,71,KACY,12
8/16/2017,87,79,71,KACY,12
8/17/2017,85,76,67,KACY,12
8/18/2017,87,81,75,KACY,12
8/19/2017,89,82,74,KACY,12
8/20/2017,85,76,66,KACY,12
8/21/2017,85,73,61,KACY,12
8/22/2017,91,83,75,KACY,12
8/23/2017,84,76,67,KACY,12
8/24/2017,83,72,60,KACY,12
8/25/2017,81,70,58,KACY,12
8/26/2017,80,70,59,KACY,12
8/27/2017,78,67,56,KACY,12
8/28/2017,76,65,54,KACY,12
8/29/2017,70,69,68,KACY,12
8/30/2017,78,70,62,KACY,12
8/31/2017,86,76,65,KACY,12
8/1/2017,91,81,71,KPHL,13
8/2/2017,89,79,69,KPHL,13
8/3/2017,87,77,67,KPHL,13
8/4/2017,88,80,72,KPHL,13
8/5/2017,79,74,68,KPHL,13
8/6/2017,78,71,63,KPHL,13
8/7/2017,72,69,66,KPHL,13
8/8/2017,80,73,66,KPHL,13
8/9/2017,86,75,64,KPHL,13
8/10/2017,86,77,67,KPHL,13
8/11/2017,84,76,68,KPHL,13
8/12/2017,83,77,70,KPHL,13
8/13/2017,84,77,70,KPHL,13
8/14/2017,82,75,67,KPHL,13
8/15/2017,78,75,72,KPHL,13
8/16/2017,89,79,69,KPHL,13
8/17/2017,90,80,69,KPHL,13
8/18/2017,91,83,75,KPHL,13
8/19/2017,88,81,73,KPHL,13
8/20/2017,85,77,68,KPHL,13
8/21/2017,87,77,67,KPHL,13
8/22/2017,92,83,73,KPHL,13
8/23/2017,84,76,68,KPHL,13
8/24/2017,82,74,65,KPHL,13
8/25/2017,79,72,65,KPHL,13
8/26/2017,81,73,65,KPHL,13
8/27/2017,79,71,62,KPHL,13
8/28/2017,77,69,60,KPHL,13
8/29/2017,67,66,65,KPHL,13
8/30/2017,78,69,60,KPHL,13
8/31/2017,84,75,66,KPHL,13
8/1/2017,88,78,69,KDOV,14
8/2/2017,88,77,66,KDOV,14
8/3/2017,83,74,65,KDOV,14
8/4/2017,85,76,69,KDOV,14
8/5/2017,78,72,67,KDOV,14
8/6/2017,79,70,62,KDOV,14
8/7/2017,74,70,66,KDOV,14
8/8/2017,77,72,67,KDOV,14
8/9/2017,83,72,62,KDOV,14
8/10/2017,81,71,62,KDOV,14
8/11/2017,80,73,66,KDOV,14
8/12/2017,81,74,69,KDOV,14
8/13/2017,83,76,69,KDOV,14
8/14/2017,80,72,63,KDOV,14
8/15/2017,77,74,72,KDOV,14
8/16/2017,87,79,71,KDOV,14
8/17/2017,83,76,69,KDOV,14
8/18/2017,90,82,73,KDOV,14
8/19/2017,86,80,73,KDOV,14
8/20/2017,83,76,67,KDOV,14
8/21/2017,85,76,66,KDOV,14
8/22/2017,90,82,75,KDOV,14
8/23/2017,82,75,68,KDOV,14
8/24/2017,81,72,64,KDOV,14
8/25/2017,78,71,64,KDOV,14
8/26/2017,79,69,60,KDOV,14
8/27/2017,77,68,60,KDOV,14
8/28/2017,75,68,60,KDOV,14
8/29/2017,68,65,62,KDOV,14
8/30/2017,76,68,60,KDOV,14
8/31/2017,83,74,64,KDOV,14
8/1/2017,87,75,62,KAVP,15
8/2/2017,87,76,64,KAVP,15
8/3/2017,87,75,62,KAVP,15
8/4/2017,87,77,67,KAVP,15
8/5/2017,75,67,58,KAVP,15
8/6/2017,75,65,54,KAVP,15
8/7/2017,66,63,60,KAVP,15
8/8/2017,79,69,59,KAVP,15
8/9/2017,82,68,54,KAVP,15
8/10/2017,82,70,57,KAVP,15
8/11/2017,78,71,64,KAVP,15
8/12/2017,82,74,66,KAVP,15
8/13/2017,81,72,62,KAVP,15
8/14/2017,77,68,59,KAVP,15
8/15/2017,79,73,66,KAVP,15
8/16/2017,82,73,63,KAVP,15
8/17/2017,85,73,60,KAVP,15
8/18/2017,82,77,71,KAVP,15
8/19/2017,84,74,63,KAVP,15
8/20/2017,81,72,62,KAVP,15
8/21/2017,85,73,61,KAVP,15
8/22/2017,89,78,67,KAVP,15
8/23/2017,78,70,62,KAVP,15
8/24/2017,75,65,54,KAVP,15
8/25/2017,74,64,54,KAVP,15
8/26/2017,74,62,49,KAVP,15
8/27/2017,77,64,50,KAVP,15
8/28/2017,74,64,53,KAVP,15
8/29/2017,63,59,55,KAVP,15
8/30/2017,77,64,51,KAVP,15
8/31/2017,72,63,54,KAVP,15
8/1/2017,82,70,58,KART,16
8/2/2017,82,71,59,KART,16
8/3/2017,83,72,61,KART,16
8/4/2017,85,76,66,KART,16
8/5/2017,70,64,58,KART,16
8/6/2017,73,62,50,KART,16
8/7/2017,76,69,61,KART,16
8/8/2017,74,66,58,KART,16
8/9/2017,77,69,60,KART,16
8/10/2017,80,71,61,KART,16
8/11/2017,78,71,64,KART,16
8/12/2017,77,71,65,KART,16
8/13/2017,76,66,56,KART,16
8/14/2017,80,69,58,KART,16
8/15/2017,79,70,61,KART,16
8/16/2017,75,63,50,KART,16
8/17/2017,80,64,47,KART,16
8/18/2017,85,77,69,KART,16
8/19/2017,75,72,68,KART,16
8/20/2017,76,68,59,KART,16
8/21/2017,82,74,65,KART,16
8/22/2017,84,74,64,KART,16
8/23/2017,72,66,59,KART,16
8/24/2017,70,60,49,KART,16
8/25/2017,70,59,47,KART,16
8/26/2017,71,57,43,KART,16
8/27/2017,75,60,44,KART,16
8/28/2017,74,60,45,KART,16
8/29/2017,72,64,56,KART,16
8/30/2017,74,59,43,KART,16
8/31/2017,65,53,40,KART,16
8/1/2017,85,74,62,KSYR,17
8/2/2017,86,75,64,KSYR,17
8/3/2017,86,76,66,KSYR,17
8/4/2017,86,76,65,KSYR,17
8/5/2017,72,65,57,KSYR,17
8/6/2017,76,66,55,KSYR,17
8/7/2017,77,67,57,KSYR,17
8/8/2017,76,67,58,KSYR,17
8/9/2017,81,69,57,KSYR,17
8/10/2017,81,70,59,KSYR,17
8/11/2017,78,70,61,KSYR,17
8/12/2017,83,75,66,KSYR,17
8/13/2017,79,70,61,KSYR,17
8/14/2017,82,69,55,KSYR,17
8/15/2017,84,74,63,KSYR,17
8/16/2017,78,66,54,KSYR,17
8/17/2017,80,65,50,KSYR,17
8/18/2017,88,78,68,KSYR,17
8/19/2017,81,74,66,KSYR,17
8/20/2017,81,72,62,KSYR,17
8/21/2017,87,74,60,KSYR,17
8/22/2017,89,77,65,KSYR,17
8/23/2017,75,68,60,KSYR,17
8/24/2017,70,63,56,KSYR,17
8/25/2017,71,62,52,KSYR,17
8/26/2017,72,60,47,KSYR,17
8/27/2017,74,60,46,KSYR,17
8/28/2017,72,61,50,KSYR,17
8/29/2017,71,61,51,KSYR,17
8/30/2017,75,61,46,KSYR,17
8/31/2017,69,58,47,KSYR,17
8/1/2017,89,81,73,KDMH,18
8/2/2017,91,82,73,KDMH,18
8/3/2017,88,80,71,KDMH,18
8/4/2017,89,82,74,KDMH,18
8/5/2017,81,76,71,KDMH,18
8/6/2017,81,75,68,KDMH,18
8/7/2017,75,72,68,KDMH,18
8/8/2017,81,76,70,KDMH,18
8/9/2017,85,76,66,KDMH,18
8/10/2017,84,76,68,KDMH,18
8/11/2017,83,78,73,KDMH,18
8/12/2017,85,78,71,KDMH,18
8/13/2017,84,78,71,KDMH,18
8/14/2017,80,76,71,KDMH,18
8/15/2017,80,77,74,KDMH,18
8/16/2017,91,82,72,KDMH,18
8/17/2017,88,82,76,KDMH,18
8/18/2017,90,83,76,KDMH,18
8/19/2017,90,81,72,KDMH,18
8/20/2017,87,79,71,KDMH,18
8/21/2017,88,82,76,KDMH,18
8/22/2017,94,84,74,KDMH,18
8/23/2017,85,80,75,KDMH,18
8/24/2017,82,77,71,KDMH,18
8/25/2017,80,74,67,KDMH,18
8/26/2017,80,75,69,KDMH,18
8/27/2017,78,73,67,KDMH,18
8/28/2017,77,71,65,KDMH,18
8/29/2017,69,67,65,KDMH,18
8/30/2017,79,71,62,KDMH,18
8/31/2017,86,77,68,KDMH,18
8/1/2017,90,76,63,KOFP,19
8/2/2017,89,78,66,KOFP,19
8/3/2017,91,80,68,KOFP,19
8/4/2017,90,80,71,KOFP,19
8/5/2017,86,74,64,KOFP,19
8/6/2017,86,70,57,KOFP,19
8/7/2017,87,78,71,KOFP,19
8/8/2017,79,71,63,KOFP,19
8/9/2017,84,70,59,KOFP,19
8/10/2017,84,70,59,KOFP,19
8/11/2017,86,74,63,KOFP,19
8/12/2017,86,78,73,KOFP,19
8/13/2017,84,75,66,KOFP,19
8/14/2017,84,74,63,KOFP,19
8/15/2017,87,78,73,KOFP,19
8/16/2017,91,80,71,KOFP,19
8/17/2017,87,78,69,KOFP,19
8/18/2017,93,82,73,KOFP,19
8/19/2017,90,81,72,KOFP,19
8/20/2017,89,78,68,KOFP,19
8/21/2017,91,80,69,KOFP,19
8/22/2017,91,82,73,KOFP,19
8/23/2017,86,75,66,KOFP,19
8/24/2017,82,73,64,KOFP,19
8/25/2017,82,72,62,KOFP,19
8/26/2017,82,70,59,KOFP,19
8/27/2017,80,69,57,KOFP,19
8/28/2017,80,67,55,KOFP,19
8/29/2017,68,66,63,KOFP,19
8/30/2017,80,70,62,KOFP,19
8/31/2017,87,74,63,KOFP,19
8/1/2017,84,72,60,KILM,20
8/2/2017,89,77,64,KILM,20
8/3/2017,85,76,67,KILM,20
8/4/2017,85,79,73,KILM,20
8/5/2017,89,82,75,KILM,20
8/6/2017,86,80,73,KILM,20
8/7/2017,90,84,78,KILM,20
8/8/2017,82,77,72,KILM,20
8/9/2017,75,73,71,KILM,20
8/10/2017,82,76,69,KILM,20
8/11/2017,88,80,72,KILM,20
8/12/2017,88,81,74,KILM,20
8/13/2017,87,81,75,KILM,20
8/14/2017,89,81,73,KILM,20
8/15/2017,93,84,75,KILM,20
8/16/2017,92,84,76,KILM,20
8/17/2017,89,82,75,KILM,20
8/18/2017,95,87,79,KILM,20
8/19/2017,92,84,75,KILM,20
8/20/2017,91,83,75,KILM,20
8/21/2017,88,82,76,KILM,20
8/22/2017,92,84,75,KILM,20
8/23/2017,93,83,72,KILM,20
8/24/2017,82,77,72,KILM,20
8/25/2017,87,79,71,KILM,20
8/26/2017,88,80,72,KILM,20
8/27/2017,86,78,69,KILM,20
8/28/2017,80,74,67,KILM,20
8/29/2017,77,75,73,KILM,20
8/30/2017,85,75,65,KILM,20
8/31/2017,88,80,72,KILM,20
8/1/2017,88,74,60,KRDU,21
8/2/2017,91,79,66,KRDU,21
8/3/2017,94,81,68,KRDU,21
8/4/2017,92,80,68,KRDU,21
8/5/2017,92,80,68,KRDU,21
8/6/2017,90,78,65,KRDU,21
8/7/2017,92,83,74,KRDU,21
8/8/2017,78,73,68,KRDU,21
8/9/2017,84,76,67,KRDU,21
8/10/2017,88,76,63,KRDU,21
8/11/2017,89,81,73,KRDU,21
8/12/2017,92,83,73,KRDU,21
8/13/2017,81,77,73,KRDU,21
8/14/2017,88,81,73,KRDU,21
8/15/2017,91,84,76,KRDU,21
8/16/2017,92,83,74,KRDU,21
8/17/2017,94,85,75,KRDU,21
8/18/2017,98,87,75,KRDU,21
8/19/2017,92,83,73,KRDU,21
8/20/2017,95,83,71,KRDU,21
8/21/2017,93,82,71,KRDU,21
8/22/2017,96,85,74,KRDU,21
8/23/2017,95,85,74,KRDU,21
8/24/2017,84,78,71,KRDU,21
8/25/2017,85,77,68,KRDU,21
8/26/2017,83,76,68,KRDU,21
8/27/2017,81,72,63,KRDU,21
8/28/2017,78,70,62,KRDU,21
8/29/2017,71,68,64,KRDU,21
8/30/2017,84,72,59,KRDU,21
8/31/2017,87,78,69,KRDU,21
8/1/2017,83,74,65,KBUF,22
8/2/2017,84,73,62,KBUF,22
8/3/2017,86,75,64,KBUF,22
8/4/2017,83,75,66,KBUF,22
8/5/2017,71,65,59,KBUF,22
8/6/2017,76,65,53,KBUF,22
8/7/2017,77,69,60,KBUF,22
8/8/2017,76,67,58,KBUF,22
8/9/2017,80,71,61,KBUF,22
8/10/2017,83,72,60,KBUF,22
8/11/2017,77,71,65,KBUF,22
8/12/2017,77,71,64,KBUF,22
8/13/2017,77,68,59,KBUF,22
8/14/2017,82,71,60,KBUF,22
8/15/2017,79,71,63,KBUF,22
8/16/2017,78,70,62,KBUF,22
8/17/2017,82,72,61,KBUF,22
8/18/2017,81,77,72,KBUF,22
8/19/2017,76,70,64,KBUF,22
8/20/2017,79,70,60,KBUF,22
8/21/2017,82,74,65,KBUF,22
8/22/2017,82,73,63,KBUF,22
8/23/2017,73,66,59,KBUF,22
8/24/2017,70,63,55,KBUF,22
8/25/2017,70,62,53,KBUF,22
8/26/2017,73,61,49,KBUF,22
8/27/2017,75,64,52,KBUF,22
8/28/2017,75,65,54,KBUF,22
8/29/2017,72,66,60,KBUF,22
8/30/2017,75,66,56,KBUF,22
8/31/2017,68,60,51,KBUF,22
8/1/2017,88,77,66,KCHS,23
8/2/2017,89,78,67,KCHS,23
8/3/2017,85,78,71,KCHS,23
8/4/2017,88,81,73,KCHS,23
8/5/2017,87,81,75,KCHS,23
8/6/2017,91,83,75,KCHS,23
8/7/2017,91,85,78,KCHS,23
8/8/2017,92,83,74,KCHS,23
8/9/2017,82,78,73,KCHS,23
8/10/2017,86,80,73,KCHS,23
8/11/2017,88,81,73,KCHS,23
8/12/2017,93,85,76,KCHS,23
8/13/2017,93,85,77,KCHS,23
8/14/2017,90,84,78,KCHS,23
8/15/2017,93,84,75,KCHS,23
8/16/2017,98,88,78,KCHS,23
8/17/2017,96,88,80,KCHS,23
8/18/2017,96,88,80,KCHS,23
8/19/2017,94,86,78,KCHS,23
8/20/2017,94,86,78,KCHS,23
8/21/2017,90,82,74,KCHS,23
8/22/2017,90,82,74,KCHS,23
8/23/2017,93,85,76,KCHS,23
8/24/2017,93,83,73,KCHS,23
8/25/2017,88,81,73,KCHS,23
8/26/2017,89,82,74,KCHS,23
8/27/2017,85,79,73,KCHS,23
8/28/2017,76,73,70,KCHS,23
8/29/2017,76,73,70,KCHS,23
8/30/2017,81,74,67,KCHS,23
8/31/2017,90,81,71,KCHS,23
8/1/2017,82,72,63,KAGC,24
8/2/2017,84,73,64,KAGC,24
8/3/2017,82,73,64,KAGC,24
8/4/2017,82,73,64,KAGC,24
8/5/2017,73,64,57,KAGC,24
8/6/2017,71,64,59,KAGC,24
8/7/2017,70,65,60,KAGC,24
8/8/2017,75,67,61,KAGC,24
8/9/2017,79,66,53,KAGC,24
8/10/2017,79,69,61,KAGC,24
8/11/2017,81,72,64,KAGC,24
8/12/2017,78,71,64,KAGC,24
8/13/2017,78,68,60,KAGC,24
8/14/2017,78,70,62,KAGC,24
8/15/2017,84,75,66,KAGC,24
8/16/2017,84,76,68,KAGC,24
8/17/2017,90,75,64,KAGC,24
8/18/2017,84,76,71,KAGC,24
8/19/2017,82,72,63,KAGC,24
8/20/2017,82,70,57,KAGC,24
8/21/2017,84,75,66,KAGC,24
8/22/2017,84,77,70,KAGC,24
8/23/2017,75,70,64,KAGC,24
8/24/2017,73,64,57,KAGC,24
8/25/2017,70,62,54,KAGC,24
8/26/2017,73,63,53,KAGC,24
8/27/2017,77,67,57,KAGC,24
8/28/2017,73,66,60,KAGC,24
8/29/2017,75,66,60,KAGC,24
8/30/2017,78,66,55,KAGC,24
8/31/2017,75,66,57,KAGC,24
8/1/2017,85,77,68,KROA,25
8/2/2017,87,76,65,KROA,25
8/3/2017,89,76,62,KROA,25
8/4/2017,89,77,64,KROA,25
8/5/2017,81,72,63,KROA,25
8/6/2017,85,70,54,KROA,25
8/7/2017,83,76,68,KROA,25
8/8/2017,82,75,68,KROA,25
8/9/2017,82,73,64,KROA,25
8/10/2017,79,69,58,KROA,25
8/11/2017,82,75,68,KROA,25
8/12/2017,85,77,69,KROA,25
8/13/2017,84,77,70,KROA,25
8/14/2017,78,74,70,KROA,25
8/15/2017,87,79,70,KROA,25
8/16/2017,92,80,67,KROA,25
8/17/2017,96,84,72,KROA,25
8/18/2017,93,83,72,KROA,25
8/19/2017,92,80,67,KROA,25
8/20/2017,92,78,64,KROA,25
8/21/2017,97,83,68,KROA,25
8/22/2017,95,82,69,KROA,25
8/23/2017,89,79,68,KROA,25
8/24/2017,82,72,62,KROA,25
8/25/2017,83,70,56,KROA,25
8/26/2017,81,73,64,KROA,25
8/27/2017,79,72,65,KROA,25
8/28/2017,75,68,60,KROA,25
8/29/2017,72,66,60,KROA,25
8/30/2017,83,73,62,KROA,25
8/31/2017,82,72,62,KROA,25
8/1/2017,92,84,75,KMIA,26
8/2/2017,93,84,75,KMIA,26
8/3/2017,92,87,82,KMIA,26
8/4/2017,92,88,83,KMIA,26
8/5/2017,93,89,84,KMIA,26
8/6/2017,93,88,82,KMIA,26
8/7/2017,92,87,82,KMIA,26
8/8/2017,93,88,82,KMIA,26
8/9/2017,93,88,83,KMIA,26
8/10/2017,90,84,78,KMIA,26
8/11/2017,90,84,77,KMIA,26
8/12/2017,93,86,79,KMIA,26
8/13/2017,95,88,80,KMIA,26
8/14/2017,94,88,81,KMIA,26
8/15/2017,93,87,81,KMIA,26
8/16/2017,95,88,81,KMIA,26
8/17/2017,94,88,82,KMIA,26
8/18/2017,95,88,81,KMIA,26
8/19/2017,94,87,80,KMIA,26
8/20/2017,91,85,78,KMIA,26
8/21/2017,93,87,80,KMIA,26
8/22/2017,93,87,80,KMIA,26
8/23/2017,89,83,76,KMIA,26
8/24/2017,87,81,74,KMIA,26
8/25/2017,87,80,73,KMIA,26
8/26/2017,85,81,76,KMIA,26
8/27/2017,91,83,75,KMIA,26
8/28/2017,93,85,76,KMIA,26
8/29/2017,94,87,79,KMIA,26
8/30/2017,94,88,81,KMIA,26
8/31/2017,93,89,84,KMIA,26
8/1/2017,88,74,59,KCLT,27
8/2/2017,88,77,65,KCLT,27
8/3/2017,88,78,67,KCLT,27
8/4/2017,88,77,66,KCLT,27
8/5/2017,89,79,69,KCLT,27
8/6/2017,90,77,64,KCLT,27
8/7/2017,87,80,72,KCLT,27
8/8/2017,81,76,70,KCLT,27
8/9/2017,84,75,65,KCLT,27
8/10/2017,85,76,67,KCLT,27
8/11/2017,84,79,73,KCLT,27
8/12/2017,90,82,73,KCLT,27
8/13/2017,90,81,72,KCLT,27
8/14/2017,90,82,74,KCLT,27
8/15/2017,91,82,72,KCLT,27
8/16/2017,93,83,73,KCLT,27
8/17/2017,94,85,75,KCLT,27
8/18/2017,94,85,76,KCLT,27
8/19/2017,91,81,70,KCLT,27
8/20/2017,94,82,69,KCLT,27
8/21/2017,92,82,72,KCLT,27
8/22/2017,93,83,73,KCLT,27
8/23/2017,93,83,73,KCLT,27
8/24/2017,85,77,69,KCLT,27
8/25/2017,85,76,66,KCLT,27
8/26/2017,87,77,66,KCLT,27
8/27/2017,85,77,68,KCLT,27
8/28/2017,81,72,62,KCLT,27
8/29/2017,75,70,64,KCLT,27
8/30/2017,82,71,59,KCLT,27
8/31/2017,74,71,68,KCLT,27
8/1/2017,90,77,64,KCUB,28
8/2/2017,90,79,67,KCUB,28
8/3/2017,86,80,74,KCUB,28
8/4/2017,89,82,74,KCUB,28
8/5/2017,91,84,76,KCUB,28
8/6/2017,94,84,73,KCUB,28
8/7/2017,93,84,74,KCUB,28
8/8/2017,81,78,75,KCUB,28
8/9/2017,80,77,73,KCUB,28
8/10/2017,88,80,72,KCUB,28
8/11/2017,91,83,75,KCUB,28
8/12/2017,94,86,77,KCUB,28
8/13/2017,90,84,77,KCUB,28
8/14/2017,93,84,75,KCUB,28
8/15/2017,96,86,76,KCUB,28
8/16/2017,97,87,77,KCUB,28
8/17/2017,97,88,78,KCUB,28
8/18/2017,97,88,78,KCUB,28
8/19/2017,97,88,78,KCUB,28
8/20/2017,96,86,75,KCUB,28
8/21/2017,93,85,77,KCUB,28
8/22/2017,93,84,74,KCUB,28
8/23/2017,96,86,76,KCUB,28
8/24/2017,92,83,74,KCUB,28
8/25/2017,89,82,75,KCUB,28
8/26/2017,92,82,72,KCUB,28
8/27/2017,90,81,71,KCUB,28
8/28/2017,85,76,67,KCUB,28
8/29/2017,85,78,70,KCUB,28
8/30/2017,83,76,68,KCUB,28
8/31/2017,94,83,71,KCUB,28
8/1/2017,86,78,69,KSVN,29
8/2/2017,88,79,71,KSVN,29
8/3/2017,86,80,74,KSVN,29
8/4/2017,90,82,75,KSVN,29
8/5/2017,88,81,74,KSVN,29
8/6/2017,91,81,73,KSVN,29
8/7/2017,92,84,77,KSVN,29
8/8/2017,93,84,75,KSVN,29
8/9/2017,83,76,71,KSVN,29
8/10/2017,87,79,73,KSVN,29
8/11/2017,89,82,75,KSVN,29
8/12/2017,92,83,75,KSVN,29
8/13/2017,91,84,77,KSVN,29
8/14/2017,91,84,76,KSVN,29
8/15/2017,94,84,74,KSVN,29
8/16/2017,96,86,75,KSVN,29
8/17/2017,93,85,77,KSVN,29
8/18/2017,96,86,77,KSVN,29
8/19/2017,95,84,75,KSVN,29
8/20/2017,92,84,77,KSVN,29
8/21/2017,88,82,77,KSVN,29
8/22/2017,89,82,75,KSVN,29
8/23/2017,94,84,75,KSVN,29
8/24/2017,93,84,75,KSVN,29
8/25/2017,89,81,74,KSVN,29
8/26/2017,85,80,75,KSVN,29
8/27/2017,84,80,75,KSVN,29
8/28/2017,79,75,70,KSVN,29
8/29/2017,77,72,68,KSVN,29
8/30/2017,83,76,69,KSVN,29
8/31/2017,89,80,72,KSVN,29
8/1/2017,82,75,68,KBKL,30
8/2/2017,82,76,70,KBKL,30
8/3/2017,84,76,68,KBKL,30
8/4/2017,82,72,63,KBKL,30
8/5/2017,73,66,60,KBKL,30
8/6/2017,77,69,63,KBKL,30
8/7/2017,75,70,64,KBKL,30
8/8/2017,75,70,66,KBKL,30
8/9/2017,78,70,64,KBKL,30
8/10/2017,81,72,64,KBKL,30
8/11/2017,82,74,66,KBKL,30
8/12/2017,75,70,66,KBKL,30
8/13/2017,75,70,66,KBKL,30
8/14/2017,79,71,64,KBKL,30
8/15/2017,80,74,69,KBKL,30
8/16/2017,79,72,66,KBKL,30
8/17/2017,91,81,73,KBKL,30
8/18/2017,82,78,73,KBKL,30
8/19/2017,77,72,66,KBKL,30
8/20/2017,84,73,64,KBKL,30
8/21/2017,84,78,73,KBKL,30
8/22/2017,84,76,71,KBKL,30
8/23/2017,75,70,64,KBKL,30
8/24/2017,70,66,63,KBKL,30
8/25/2017,71,66,61,KBKL,30
8/26/2017,72,63,55,KBKL,30
8/27/2017,75,67,59,KBKL,30
8/28/2017,80,72,66,KBKL,30
8/29/2017,77,69,63,KBKL,30
8/30/2017,77,70,64,KBKL,30
8/31/2017,71,68,64,KBKL,30
8/1/2017,86,73,60,KCRW,31
8/2/2017,87,74,61,KCRW,31
8/3/2017,88,76,63,KCRW,31
8/4/2017,85,75,65,KCRW,31
8/5/2017,78,69,59,KCRW,31
8/6/2017,80,69,58,KCRW,31
8/7/2017,76,71,65,KCRW,31
8/8/2017,81,70,59,KCRW,31
8/9/2017,84,69,54,KCRW,31
8/10/2017,76,70,63,KCRW,31
8/11/2017,84,76,67,KCRW,31
8/12/2017,84,75,66,KCRW,31
8/13/2017,82,72,62,KCRW,31
8/14/2017,80,72,63,KCRW,31
8/15/2017,87,79,70,KCRW,31
8/16/2017,90,80,69,KCRW,31
8/17/2017,90,79,68,KCRW,31
8/18/2017,88,78,68,KCRW,31
8/19/2017,86,76,65,KCRW,31
8/20/2017,90,78,65,KCRW,31
8/21/2017,89,78,66,KCRW,31
8/22/2017,91,79,67,KCRW,31
8/23/2017,81,70,59,KCRW,31
8/24/2017,79,67,55,KCRW,31
8/25/2017,79,66,53,KCRW,31
8/26/2017,81,67,53,KCRW,31
8/27/2017,82,70,58,KCRW,31
8/28/2017,80,72,64,KCRW,31
8/29/2017,81,71,61,KCRW,31
8/30/2017,83,72,60,KCRW,31
8/31/2017,85,73,61,KCRW,31
8/1/2017,88,80,73,KNIP,32
8/2/2017,88,82,77,KNIP,32
8/3/2017,87,80,77,KNIP,32
8/4/2017,93,84,75,KNIP,32
8/5/2017,90,84,78,KNIP,32
8/6/2017,93,86,79,KNIP,32
8/7/2017,93,86,80,KNIP,32
8/8/2017,93,86,78,KNIP,32
8/9/2017,91,83,75,KNIP,32
8/10/2017,91,85,79,KNIP,32
8/11/2017,91,86,81,KNIP,32
8/12/2017,93,86,78,KNIP,32
8/13/2017,91,84,79,KNIP,32
8/14/2017,91,85,79,KNIP,32
8/15/2017,95,86,79,KNIP,32
8/16/2017,96,86,78,KNIP,32
8/17/2017,91,86,81,KNIP,32
8/18/2017,91,84,77,KNIP,32
8/19/2017,95,84,75,KNIP,32
8/20/2017,93,86,78,KNIP,32
8/21/2017,86,82,80,KNIP,32
8/22/2017,93,85,79,KNIP,32
8/23/2017,93,85,77,KNIP,32
8/24/2017,93,86,79,KNIP,32
8/25/2017,91,86,80,KNIP,32
8/26/2017,88,84,80,KNIP,32
8/27/2017,88,82,78,KNIP,32
8/28/2017,81,78,75,KNIP,32
8/29/2017,88,80,73,KNIP,32
8/30/2017,88,82,78,KNIP,32
8/31/2017,95,86,78,KNIP,32
8/1/2017,89,86,82,KEYW,33
8/2/2017,91,86,81,KEYW,33
8/3/2017,91,88,85,KEYW,33
8/4/2017,91,88,85,KEYW,33
8/5/2017,91,88,85,KEYW,33
8/6/2017,90,87,83,KEYW,33
8/7/2017,88,84,79,KEYW,33
8/8/2017,89,86,83,KEYW,33
8/9/2017,90,87,83,KEYW,33
8/10/2017,88,85,81,KEYW,33
8/11/2017,89,86,82,KEYW,33
8/12/2017,90,86,82,KEYW,33
8/13/2017,90,87,83,KEYW,33
8/14/2017,89,87,84,KEYW,33
8/15/2017,90,87,84,KEYW,33
8/16/2017,92,89,85,KEYW,33
8/17/2017,92,88,84,KEYW,33
8/18/2017,92,87,81,KEYW,33
8/19/2017,94,86,78,KEYW,33
8/20/2017,90,86,82,KEYW,33
8/21/2017,90,87,84,KEYW,33
8/22/2017,91,86,80,KEYW,33
8/23/2017,87,83,79,KEYW,33
8/24/2017,85,83,80,KEYW,33
8/25/2017,86,82,78,KEYW,33
8/26/2017,88,82,76,KEYW,33
8/27/2017,88,84,79,KEYW,33
8/28/2017,88,84,79,KEYW,33
8/29/2017,89,87,84,KEYW,33
8/30/2017,90,87,83,KEYW,33
8/31/2017,91,88,85,KEYW,33
8/1/2017,90,83,75,KTPA,34
8/2/2017,85,80,74,KTPA,34
8/3/2017,92,85,77,KTPA,34
8/4/2017,92,85,77,KTPA,34
8/5/2017,92,85,78,KTPA,34
8/6/2017,93,86,79,KTPA,34
8/7/2017,93,87,80,KTPA,34
8/8/2017,92,85,78,KTPA,34
8/9/2017,93,86,79,KTPA,34
8/10/2017,94,88,81,KTPA,34
8/11/2017,95,87,79,KTPA,34
8/12/2017,92,85,77,KTPA,34
8/13/2017,89,85,80,KTPA,34
8/14/2017,93,88,82,KTPA,34
8/15/2017,93,88,83,KTPA,34
8/16/2017,93,87,81,KTPA,34
8/17/2017,91,86,80,KTPA,34
8/18/2017,90,85,79,KTPA,34
8/19/2017,92,85,77,KTPA,34
8/20/2017,94,87,80,KTPA,34
8/21/2017,95,87,79,KTPA,34
8/22/2017,97,88,78,KTPA,34
8/23/2017,96,87,78,KTPA,34
8/24/2017,93,86,78,KTPA,34
8/25/2017,90,84,77,KTPA,34
8/26/2017,90,84,78,KTPA,34
8/27/2017,86,82,77,KTPA,34
8/28/2017,85,80,74,KTPA,34
8/29/2017,87,83,79,KTPA,34
8/30/2017,91,84,76,KTPA,34
8/31/2017,94,88,81,KTPA,34
8/1/2017,84,74,63,KOSU,35
8/2/2017,84,73,64,KOSU,35
8/3/2017,84,75,66,KOSU,35
8/4/2017,77,68,61,KOSU,35
8/5/2017,75,64,54,KOSU,35
8/6/2017,73,66,60,KOSU,35
8/7/2017,73,67,61,KOSU,35
8/8/2017,78,68,59,KOSU,35
8/9/2017,82,68,55,KOSU,35
8/10/2017,84,70,57,KOSU,35
8/11/2017,82,73,66,KOSU,35
8/12/2017,78,70,63,KOSU,35
8/13/2017,81,68,57,KOSU,35
8/14/2017,82,72,62,KOSU,35
8/15/2017,86,74,64,KOSU,35
8/16/2017,89,78,68,KOSU,35
8/17/2017,88,80,73,KOSU,35
8/18/2017,82,76,70,KOSU,35
8/19/2017,84,75,66,KOSU,35
8/20/2017,87,74,61,KOSU,35
8/21/2017,89,78,69,KOSU,35
8/22/2017,82,76,71,KOSU,35
8/23/2017,75,66,57,KOSU,35
8/24/2017,75,64,52,KOSU,35
8/25/2017,73,64,54,KOSU,35
8/26/2017,75,62,50,KOSU,35
8/27/2017,79,66,53,KOSU,35
8/28/2017,75,68,61,KOSU,35
8/29/2017,79,68,60,KOSU,35
8/30/2017,79,69,61,KOSU,35
8/31/2017,78,68,59,KOSU,35
8/1/2017,88,78,68,KDET,36
8/2/2017,87,76,66,KDET,36
8/3/2017,84,75,66,KDET,36
8/4/2017,77,68,62,KDET,36
8/5/2017,77,66,57,KDET,36
8/6/2017,78,68,60,KDET,36
8/7/2017,79,70,61,KDET,36
8/8/2017,82,70,57,KDET,36
8/9/2017,84,72,63,KDET,36
8/10/2017,82,73,64,KDET,36
8/11/2017,82,74,66,KDET,36
8/12/2017,78,70,62,KDET,36
8/13/2017,80,69,59,KDET,36
8/14/2017,82,72,62,KDET,36
8/15/2017,82,72,66,KDET,36
8/16/2017,82,72,63,KDET,36
8/17/2017,80,74,69,KDET,36
8/18/2017,78,73,69,KDET,36
8/19/2017,80,72,64,KDET,36
8/20/2017,82,72,62,KDET,36
8/21/2017,87,78,68,KDET,36
8/22/2017,80,74,66,KDET,36
8/23/2017,75,66,57,KDET,36
8/24/2017,72,64,57,KDET,36
8/25/2017,72,61,51,KDET,36
8/26/2017,72,62,52,KDET,36
8/27/2017,75,64,55,KDET,36
8/28/2017,73,68,63,KDET,36
8/29/2017,69,64,64,KDET,36
8/30/2017,81,70,59,KDET,36
8/31/2017,71,62,54,KDET,36
8/1/2017,83,73,62,KTYS,37
8/2/2017,87,78,68,KTYS,37
8/3/2017,88,76,64,KTYS,37
8/4/2017,86,77,68,KTYS,37
8/5/2017,81,72,62,KTYS,37
8/6/2017,88,72,56,KTYS,37
8/7/2017,79,75,70,KTYS,37
8/8/2017,82,75,68,KTYS,37
8/9/2017,86,75,64,KTYS,37
8/10/2017,84,77,70,KTYS,37
8/11/2017,84,78,71,KTYS,37
8/12/2017,86,79,71,KTYS,37
8/13/2017,86,78,70,KTYS,37
8/14/2017,87,79,71,KTYS,37
8/15/2017,88,81,74,KTYS,37
8/16/2017,87,79,71,KTYS,37
8/17/2017,89,81,72,KTYS,37
8/18/2017,88,80,71,KTYS,37
8/19/2017,88,77,65,KTYS,37
8/20/2017,90,78,66,KTYS,37
8/21/2017,90,79,68,KTYS,37
8/22/2017,91,81,71,KTYS,37
8/23/2017,87,79,71,KTYS,37
8/24/2017,83,73,63,KTYS,37
8/25/2017,81,72,63,KTYS,37
8/26/2017,84,74,63,KTYS,37
8/27/2017,102,82,63,KTYS,37
8/28/2017,83,74,68,KTYS,37
8/29/2017,84,73,62,KTYS,37
8/30/2017,84,74,63,KTYS,37
8/31/2017,74,71,68,KTYS,37
8/1/2017,85,75,64,KANJ,38
8/2/2017,76,69,61,KANJ,38
8/3/2017,67,64,60,KANJ,38
8/4/2017,73,65,57,KANJ,38
8/5/2017,70,62,54,KANJ,38
8/6/2017,74,63,51,KANJ,38
8/7/2017,73,64,54,KANJ,38
8/8/2017,74,64,53,KANJ,38
8/9/2017,71,65,58,KANJ,38
8/10/2017,72,67,61,KANJ,38
8/11/2017,72,67,62,KANJ,38
8/12/2017,73,65,57,KANJ,38
8/13/2017,81,67,52,KANJ,38
8/14/2017,77,68,58,KANJ,38
8/15/2017,74,67,59,KANJ,38
8/16/2017,75,65,54,KANJ,38
8/17/2017,67,65,62,KANJ,38
8/18/2017,67,64,60,KANJ,38
8/19/2017,76,68,60,KANJ,38
8/20/2017,81,68,55,KANJ,38
8/21/2017,82,72,62,KANJ,38
8/22/2017,70,65,59,KANJ,38
8/23/2017,60,58,55,KANJ,38
8/24/2017,66,58,49,KANJ,38
8/25/2017,69,57,45,KANJ,38
8/26/2017,72,59,46,KANJ,38
8/27/2017,68,61,53,KANJ,38
8/28/2017,73,67,60,KANJ,38
8/29/2017,73,68,62,KANJ,38
8/30/2017,68,62,55,KANJ,38
8/31/2017,65,57,49,KANJ,38
8/1/2017,87,78,68,KATL,39
8/2/2017,86,79,71,KATL,39
8/3/2017,83,77,70,KATL,39
8/4/2017,87,78,69,KATL,39
8/5/2017,88,79,70,KATL,39
8/6/2017,88,80,72,KATL,39
8/7/2017,86,80,73,KATL,39
8/8/2017,76,73,70,KATL,39
8/9/2017,80,76,71,KATL,39
8/10/2017,84,78,72,KATL,39
8/11/2017,88,80,72,KATL,39
8/12/2017,90,82,73,KATL,39
8/13/2017,90,82,73,KATL,39
8/14/2017,92,84,75,KATL,39
8/15/2017,90,82,73,KATL,39
8/16/2017,91,81,71,KATL,39
8/17/2017,90,83,76,KATL,39
8/18/2017,90,83,75,KATL,39
8/19/2017,90,80,69,KATL,39
8/20/2017,92,83,73,KATL,39
8/21/2017,92,84,75,KATL,39
8/22/2017,93,84,74,KATL,39
8/23/2017,90,82,74,KATL,39
8/24/2017,89,78,67,KATL,39
8/25/2017,86,79,72,KATL,39
8/26/2017,85,79,72,KATL,39
8/27/2017,85,79,72,KATL,39
8/28/2017,80,75,69,KATL,39
8/29/2017,84,77,69,KATL,39
8/30/2017,74,72,69,KATL,39
8/31/2017,83,76,69,KATL,39
8/1/2017,82,73,64,KLUK,40
8/2/2017,84,75,66,KLUK,40
8/3/2017,86,75,64,KLUK,40
8/4/2017,81,72,64,KLUK,40
8/5/2017,79,66,53,KLUK,40
8/6/2017,73,68,63,KLUK,40
8/7/2017,75,70,64,KLUK,40
8/8/2017,81,68,57,KLUK,40
8/9/2017,82,68,53,KLUK,40
8/10/2017,84,72,60,KLUK,40
8/11/2017,82,71,60,KLUK,40
8/12/2017,82,73,63,KLUK,40
8/13/2017,84,70,55,KLUK,40
8/14/2017,82,72,64,KLUK,40
8/15/2017,90,78,66,KLUK,40
8/16/2017,90,76,64,KLUK,40
8/17/2017,91,82,73,KLUK,40
8/18/2017,86,76,66,KLUK,40
8/19/2017,88,76,66,KLUK,40
8/20/2017,90,78,66,KLUK,40
8/21/2017,90,79,68,KLUK,40
8/22/2017,87,77,70,KLUK,40
8/23/2017,80,70,60,KLUK,40
8/24/2017,80,67,54,KLUK,40
8/25/2017,78,66,54,KLUK,40
8/26/2017,78,64,50,KLUK,40
8/27/2017,82,68,53,KLUK,40
8/28/2017,77,68,59,KLUK,40
8/29/2017,77,70,62,KLUK,40
8/30/2017,82,72,63,KLUK,40
8/31/2017,84,72,62,KLUK,40
8/1/2017,86,72,58,KGRR,41
8/2/2017,87,75,63,KGRR,41
8/3/2017,81,73,64,KGRR,41
8/4/2017,68,63,57,KGRR,41
8/5/2017,77,66,54,KGRR,41
8/6/2017,78,67,56,KGRR,41
8/7/2017,76,69,61,KGRR,41
8/8/2017,83,68,52,KGRR,41
8/9/2017,83,70,57,KGRR,41
8/10/2017,83,71,59,KGRR,41
8/11/2017,81,72,63,KGRR,41
8/12/2017,80,71,61,KGRR,41
8/13/2017,80,68,55,KGRR,41
8/14/2017,83,73,63,KGRR,41
8/15/2017,84,74,64,KGRR,41
8/16/2017,88,75,61,KGRR,41
8/17/2017,83,76,68,KGRR,41
8/18/2017,73,69,64,KGRR,41
8/19/2017,81,71,60,KGRR,41
8/20/2017,84,71,57,KGRR,41
8/21/2017,85,76,67,KGRR,41
8/22/2017,78,70,61,KGRR,41
8/23/2017,75,66,56,KGRR,41
8/24/2017,69,60,51,KGRR,41
8/25/2017,74,61,47,KGRR,41
8/26/2017,75,62,48,KGRR,41
8/27/2017,75,66,57,KGRR,41
8/28/2017,70,64,58,KGRR,41
8/29/2017,79,68,57,KGRR,41
8/30/2017,81,68,55,KGRR,41
8/31/2017,74,64,53,KGRR,41
8/1/2017,90,81,71,KSDF,42
8/2/2017,86,78,70,KSDF,42
8/3/2017,90,79,67,KSDF,42
8/4/2017,82,73,63,KSDF,42
8/5/2017,82,70,58,KSDF,42
8/6/2017,75,70,65,KSDF,42
8/7/2017,80,73,66,KSDF,42
8/8/2017,85,75,65,KSDF,42
8/9/2017,85,74,63,KSDF,42
8/10/2017,89,78,67,KSDF,42
8/11/2017,88,78,68,KSDF,42
8/12/2017,87,79,71,KSDF,42
8/13/2017,87,75,63,KSDF,42
8/14/2017,87,79,70,KSDF,42
8/15/2017,92,83,74,KSDF,42
8/16/2017,93,84,74,KSDF,42
8/17/2017,96,85,74,KSDF,42
8/18/2017,88,81,74,KSDF,42
8/19/2017,90,81,71,KSDF,42
8/20/2017,93,82,71,KSDF,42
8/21/2017,93,83,73,KSDF,42
8/22/2017,91,82,72,KSDF,42
8/23/2017,83,75,66,KSDF,42
8/24/2017,83,72,61,KSDF,42
8/25/2017,80,71,61,KSDF,42
8/26/2017,82,71,59,KSDF,42
8/27/2017,87,74,61,KSDF,42
8/28/2017,82,75,68,KSDF,42
8/29/2017,82,75,68,KSDF,42
8/30/2017,84,75,66,KSDF,42
8/31/2017,88,79,69,KSDF,42
8/1/2017,84,76,67,KEYE,43
8/2/2017,84,75,66,KEYE,43
8/3/2017,86,77,67,KEYE,43
8/4/2017,76,68,60,KEYE,43
8/5/2017,78,67,55,KEYE,43
8/6/2017,73,69,65,KEYE,43
8/7/2017,79,72,65,KEYE,43
8/8/2017,81,70,58,KEYE,43
8/9/2017,83,70,57,KEYE,43
8/10/2017,84,72,60,KEYE,43
8/11/2017,83,76,68,KEYE,43
8/12/2017,80,71,61,KEYE,43
8/13/2017,83,71,58,KEYE,43
8/14/2017,85,74,62,KEYE,43
8/15/2017,88,78,67,KEYE,43
8/16/2017,90,79,67,KEYE,43
8/17/2017,86,80,74,KEYE,43
8/18/2017,84,76,67,KEYE,43
8/19/2017,87,77,67,KEYE,43
8/20/2017,91,78,65,KEYE,43
8/21/2017,90,81,72,KEYE,43
8/22/2017,82,75,67,KEYE,43
8/23/2017,79,70,60,KEYE,43
8/24/2017,79,68,56,KEYE,43
8/25/2017,77,67,57,KEYE,43
8/26/2017,79,66,53,KEYE,43
8/27/2017,81,69,57,KEYE,43
8/28/2017,82,70,57,KEYE,43
8/29/2017,81,72,63,KEYE,43
8/30/2017,83,73,62,KEYE,43
8/31/2017,81,72,62,KEYE,43
8/1/2017,88,78,67,KMXF,44
8/2/2017,87,78,70,KMXF,44
8/3/2017,87,80,74,KMXF,44
8/4/2017,89,81,73,KMXF,44
8/5/2017,93,83,74,KMXF,44
8/6/2017,91,82,73,KMXF,44
8/7/2017,93,83,73,KMXF,44
8/8/2017,80,76,73,KMXF,44
8/9/2017,89,81,73,KMXF,44
8/10/2017,91,82,73,KMXF,44
8/11/2017,88,80,73,KMXF,44
8/12/2017,91,83,75,KMXF,44
8/13/2017,92,83,74,KMXF,44
8/14/2017,94,84,75,KMXF,44
8/15/2017,92,82,73,KMXF,44
8/16/2017,91,82,75,KMXF,44
8/17/2017,92,82,73,KMXF,44
8/18/2017,92,82,74,KMXF,44
8/19/2017,92,82,72,KMXF,44
8/20/2017,95,84,74,KMXF,44
8/21/2017,95,84,75,KMXF,44
8/22/2017,93,82,73,KMXF,44
8/23/2017,92,82,74,KMXF,44
8/24/2017,90,81,73,KMXF,44
8/25/2017,92,80,67,KMXF,44
8/26/2017,85,80,74,KMXF,44
8/27/2017,89,80,73,KMXF,44
8/28/2017,83,78,73,KMXF,44
8/29/2017,82,76,70,KMXF,44
8/30/2017,79,76,73,KMXF,44
8/31/2017,87,80,73,KMXF,44
8/1/2017,87,78,68,KBNA,45
8/2/2017,88,79,70,KBNA,45
8/3/2017,90,80,69,KBNA,45
8/4/2017,85,75,65,KBNA,45
8/5/2017,83,71,58,KBNA,45
8/6/2017,91,78,65,KBNA,45
8/7/2017,81,77,73,KBNA,45
8/8/2017,85,77,69,KBNA,45
8/9/2017,88,77,65,KBNA,45
8/10/2017,90,81,72,KBNA,45
8/11/2017,90,81,72,KBNA,45
8/12/2017,88,80,71,KBNA,45
8/13/2017,88,77,66,KBNA,45
8/14/2017,81,77,72,KBNA,45
8/15/2017,90,82,74,KBNA,45
8/16/2017,92,83,73,KBNA,45
8/17/2017,91,83,75,KBNA,45
8/18/2017,89,80,70,KBNA,45
8/19/2017,93,80,67,KBNA,45
8/20/2017,96,84,72,KBNA,45
8/21/2017,95,83,70,KBNA,45
8/22/2017,92,82,72,KBNA,45
8/23/2017,84,76,68,KBNA,45
8/24/2017,84,73,61,KBNA,45
8/25/2017,84,73,61,KBNA,45
8/26/2017,85,74,63,KBNA,45
8/27/2017,91,76,60,KBNA,45
8/28/2017,76,72,67,KBNA,45
8/29/2017,87,75,63,KBNA,45
8/30/2017,85,76,67,KBNA,45
8/31/2017,81,76,70,KBNA,45
8/1/2017,89,79,68,KBHM,46
8/2/2017,84,78,72,KBHM,46
8/3/2017,87,80,73,KBHM,46
8/4/2017,93,83,72,KBHM,46
8/5/2017,90,80,70,KBHM,46
8/6/2017,86,80,74,KBHM,46
8/7/2017,86,80,73,KBHM,46
8/8/2017,76,74,72,KBHM,46
8/9/2017,84,78,72,KBHM,46
8/10/2017,88,81,73,KBHM,46
8/11/2017,85,79,72,KBHM,46
8/12/2017,92,84,75,KBHM,46
8/13/2017,91,82,73,KBHM,46
8/14/2017,91,83,74,KBHM,46
8/15/2017,92,83,74,KBHM,46
8/16/2017,91,82,73,KBHM,46
8/17/2017,92,84,75,KBHM,46
8/18/2017,91,82,73,KBHM,46
8/19/2017,93,82,70,KBHM,46
8/20/2017,93,84,74,KBHM,46
8/21/2017,93,83,73,KBHM,46
8/22/2017,90,82,73,KBHM,46
8/23/2017,87,79,71,KBHM,46
8/24/2017,88,77,66,KBHM,46
8/25/2017,90,76,62,KBHM,46
8/26/2017,88,81,73,KBHM,46
8/27/2017,84,78,71,KBHM,46
8/28/2017,79,75,70,KBHM,46
8/29/2017,84,75,66,KBHM,46
8/30/2017,76,74,71,KBHM,46
8/31/2017,83,78,73,KBHM,46
8/1/2017,86,79,71,KMDW,47
8/2/2017,87,78,68,KMDW,47
8/3/2017,86,75,63,KMDW,47
8/4/2017,68,62,56,KMDW,47
8/5/2017,79,69,59,KMDW,47
8/6/2017,77,72,66,KMDW,47
8/7/2017,77,69,60,KMDW,47
8/8/2017,84,72,59,KMDW,47
8/9/2017,83,74,64,KMDW,47
8/10/2017,85,75,65,KMDW,47
8/11/2017,80,73,66,KMDW,47
8/12/2017,76,69,61,KMDW,47
8/13/2017,77,68,59,KMDW,47
8/14/2017,84,75,65,KMDW,47
8/15/2017,84,76,68,KMDW,47
8/16/2017,92,81,70,KMDW,47
8/17/2017,84,79,73,KMDW,47
8/18/2017,83,75,67,KMDW,47
8/19/2017,82,73,64,KMDW,47
8/20/2017,89,78,67,KMDW,47
8/21/2017,87,80,72,KMDW,47
8/22/2017,81,73,64,KMDW,47
8/23/2017,78,69,60,KMDW,47
8/24/2017,76,68,59,KMDW,47
8/25/2017,73,63,53,KMDW,47
8/26/2017,78,69,59,KMDW,47
8/27/2017,79,72,64,KMDW,47
8/28/2017,78,72,66,KMDW,47
8/29/2017,76,70,63,KMDW,47
8/30/2017,81,71,61,KMDW,47
8/31/2017,74,70,66,KMDW,47
8/1/2017,86,76,66,KMKE,48
8/2/2017,82,75,68,KMKE,48
8/3/2017,79,71,62,KMKE,48
8/4/2017,68,62,56,KMKE,48
8/5/2017,81,71,60,KMKE,48
8/6/2017,76,70,63,KMKE,48
8/7/2017,74,69,63,KMKE,48
8/8/2017,83,74,64,KMKE,48
8/9/2017,82,74,66,KMKE,48
8/10/2017,84,75,66,KMKE,48
8/11/2017,77,71,65,KMKE,48
8/12/2017,75,67,59,KMKE,48
8/13/2017,77,67,57,KMKE,48
8/14/2017,77,70,62,KMKE,48
8/15/2017,76,71,65,KMKE,48
8/16/2017,78,70,62,KMKE,48
8/17/2017,82,76,69,KMKE,48
8/18/2017,80,75,69,KMKE,48
8/19/2017,83,74,65,KMKE,48
8/20/2017,85,74,63,KMKE,48
8/21/2017,84,76,68,KMKE,48
8/22/2017,80,73,65,KMKE,48
8/23/2017,76,69,61,KMKE,48
8/24/2017,70,64,57,KMKE,48
8/25/2017,70,62,53,KMKE,48
8/26/2017,75,66,56,KMKE,48
8/27/2017,75,69,63,KMKE,48
8/28/2017,76,71,65,KMKE,48
8/29/2017,73,69,65,KMKE,48
8/30/2017,83,71,59,KMKE,48
8/31/2017,69,64,58,KMKE,48
8/1/2017,90,82,73,KBFM,49
8/2/2017,91,82,72,KBFM,49
8/3/2017,80,76,73,KBFM,49
8/4/2017,82,78,73,KBFM,49
8/5/2017,87,80,75,KBFM,49
8/6/2017,89,84,81,KBFM,49
8/7/2017,90,84,78,KBFM,49
8/8/2017,89,84,78,KBFM,49
8/9/2017,89,84,78,KBFM,49
8/10/2017,90,84,77,KBFM,49
8/11/2017,89,83,77,KBFM,49
8/12/2017,91,84,77,KBFM,49
8/13/2017,91,83,75,KBFM,49
8/14/2017,93,84,77,KBFM,49
8/15/2017,88,82,77,KBFM,49
8/16/2017,91,82,75,KBFM,49
8/17/2017,93,85,77,KBFM,49
8/18/2017,96,87,77,KBFM,49
8/19/2017,95,84,75,KBFM,49
8/20/2017,95,84,73,KBFM,49
8/21/2017,91,83,75,KBFM,49
8/22/2017,88,82,77,KBFM,49
8/23/2017,93,83,73,KBFM,49
8/24/2017,93,83,75,KBFM,49
8/25/2017,93,83,75,KBFM,49
8/26/2017,91,84,78,KBFM,49
8/27/2017,91,86,80,KBFM,49
8/28/2017,86,82,78,KBFM,49
8/29/2017,79,76,73,KBFM,49
8/30/2017,87,80,75,KBFM,49
8/31/2017,89,82,77,KBFM,49
8/1/2017,86,76,65,KSPI,50
8/2/2017,88,76,63,KSPI,50
8/3/2017,88,77,65,KSPI,50
8/4/2017,75,66,56,KSPI,50
8/5/2017,80,67,54,KSPI,50
8/6/2017,76,71,66,KSPI,50
8/7/2017,78,70,61,KSPI,50
8/8/2017,82,68,53,KSPI,50
8/9/2017,84,70,56,KSPI,50
8/10/2017,88,75,61,KSPI,50
8/11/2017,83,72,60,KSPI,50
8/12/2017,80,68,56,KSPI,50
8/13/2017,81,68,54,KSPI,50
8/14/2017,85,74,63,KSPI,50
8/15/2017,90,78,66,KSPI,50
8/16/2017,86,78,70,KSPI,50
8/17/2017,84,76,67,KSPI,50
8/18/2017,87,75,62,KSPI,50
8/19/2017,90,77,64,KSPI,50
8/20/2017,92,79,66,KSPI,50
8/21/2017,86,78,70,KSPI,50
8/22/2017,82,71,60,KSPI,50
8/23/2017,79,67,55,KSPI,50
8/24/2017,80,67,53,KSPI,50
8/25/2017,78,68,57,KSPI,50
8/26/2017,83,70,56,KSPI,50
8/27/2017,84,72,60,KSPI,50
8/28/2017,82,71,59,KSPI,50
8/29/2017,81,70,58,KSPI,50
8/30/2017,83,71,58,KSPI,50
8/31/2017,81,69,57,KSPI,50
8/1/2017,85,79,72,KMEM,51
8/2/2017,88,78,68,KMEM,51
8/3/2017,90,81,71,KMEM,51
8/4/2017,85,77,68,KMEM,51
8/5/2017,88,78,67,KMEM,51
8/6/2017,85,79,72,KMEM,51
8/7/2017,83,78,73,KMEM,51
8/8/2017,87,80,72,KMEM,51
8/9/2017,89,80,70,KMEM,51
8/10/2017,93,82,71,KMEM,51
8/11/2017,88,79,70,KMEM,51
8/12/2017,87,80,72,KMEM,51
8/13/2017,82,77,72,KMEM,51
8/14/2017,85,80,74,KMEM,51
8/15/2017,89,81,73,KMEM,51
8/16/2017,90,83,75,KMEM,51
8/17/2017,88,82,75,KMEM,51
8/18/2017,91,82,72,KMEM,51
8/19/2017,94,84,73,KMEM,51
8/20/2017,95,86,76,KMEM,51
8/21/2017,95,86,76,KMEM,51
8/22/2017,92,84,76,KMEM,51
8/23/2017,85,78,70,KMEM,51
8/24/2017,85,75,65,KMEM,51
8/25/2017,87,77,66,KMEM,51
8/26/2017,87,79,70,KMEM,51
8/27/2017,89,82,74,KMEM,51
8/28/2017,84,77,70,KMEM,51
8/29/2017,87,77,67,KMEM,51
8/30/2017,80,77,73,KMEM,51
8/31/2017,78,72,66,KMEM,51
8/1/2017,91,82,73,KNEW,52
8/2/2017,89,81,73,KNEW,52
8/3/2017,84,79,74,KNEW,52
8/4/2017,87,81,75,KNEW,52
8/5/2017,87,81,75,KNEW,52
8/6/2017,89,83,76,KNEW,52
8/7/2017,91,84,77,KNEW,52
8/8/2017,92,85,77,KNEW,52
8/9/2017,89,82,75,KNEW,52
8/10/2017,89,82,74,KNEW,52
8/11/2017,90,84,78,KNEW,52
8/12/2017,89,83,76,KNEW,52
8/13/2017,94,85,75,KNEW,52
8/14/2017,93,86,79,KNEW,52
8/15/2017,90,82,73,KNEW,52
8/16/2017,93,85,77,KNEW,52
8/17/2017,94,85,76,KNEW,52
8/18/2017,95,86,77,KNEW,52
8/19/2017,96,87,78,KNEW,52
8/20/2017,95,86,77,KNEW,52
8/21/2017,93,84,75,KNEW,52
8/22/2017,90,83,76,KNEW,52
8/23/2017,93,86,78,KNEW,52
8/24/2017,92,86,79,KNEW,52
8/25/2017,91,86,81,KNEW,52
8/26/2017,93,87,80,KNEW,52
8/27/2017,88,81,74,KNEW,52
8/28/2017,82,79,75,KNEW,52
8/29/2017,80,77,73,KNEW,52
8/30/2017,86,82,77,KNEW,52
8/31/2017,88,82,75,KNEW,52
8/1/2017,89,79,68,KHKS,53
8/2/2017,85,79,73,KHKS,53
8/3/2017,90,81,71,KHKS,53
8/4/2017,92,82,71,KHKS,53
8/5/2017,93,82,71,KHKS,53
8/6/2017,90,82,74,KHKS,53
8/7/2017,90,82,73,KHKS,53
8/8/2017,79,76,73,KHKS,53
8/9/2017,86,80,73,KHKS,53
8/10/2017,85,79,73,KHKS,53
8/11/2017,92,83,73,KHKS,53
8/12/2017,91,83,74,KHKS,53
8/13/2017,91,82,73,KHKS,53
8/14/2017,93,84,74,KHKS,53
8/15/2017,94,84,74,KHKS,53
8/16/2017,89,81,72,KHKS,53
8/17/2017,93,83,72,KHKS,53
8/18/2017,92,84,75,KHKS,53
8/19/2017,94,84,73,KHKS,53
8/20/2017,94,83,71,KHKS,53
8/21/2017,94,85,76,KHKS,53
8/22/2017,92,83,73,KHKS,53
8/23/2017,93,84,74,KHKS,53
8/24/2017,90,81,72,KHKS,53
8/25/2017,84,78,71,KHKS,53
8/26/2017,86,79,72,KHKS,53
8/27/2017,85,81,76,KHKS,53
8/28/2017,77,74,70,KHKS,53
8/29/2017,81,75,69,KHKS,53
8/30/2017,86,80,73,KHKS,53
8/31/2017,77,73,69,KHKS,53
8/1/2017,91,80,70,KCPS,54
8/2/2017,91,78,66,KCPS,54
8/3/2017,95,81,69,KCPS,54
8/4/2017,81,71,59,KCPS,54
8/5/2017,82,68,54,KCPS,54
8/6/2017,73,68,64,KCPS,54
8/7/2017,82,74,66,KCPS,54
8/8/2017,86,72,60,KCPS,54
8/9/2017,89,70,54,KCPS,54
8/10/2017,90,78,66,KCPS,54
8/11/2017,87,79,71,KCPS,54
8/12/2017,84,70,59,KCPS,54
8/13/2017,84,70,55,KCPS,54
8/14/2017,84,76,69,KCPS,54
8/15/2017,91,80,68,KCPS,54
8/16/2017,91,82,72,KCPS,54
8/17/2017,88,79,70,KCPS,54
8/18/2017,91,79,68,KCPS,54
8/19/2017,93,81,69,KCPS,54
8/20/2017,93,80,68,KCPS,54
8/21/2017,95,84,73,KCPS,54
8/22/2017,84,78,70,KCPS,54
8/23/2017,81,69,57,KCPS,54
8/24/2017,84,68,55,KCPS,54
8/25/2017,84,71,60,KCPS,54
8/26/2017,87,72,59,KCPS,54
8/27/2017,89,74,60,KCPS,54
8/28/2017,86,75,64,KCPS,54
8/29/2017,86,72,60,KCPS,54
8/30/2017,87,73,59,KCPS,54
8/31/2017,82,73,64,KCPS,54
8/1/2017,82,71,60,KDBQ,55
8/2/2017,85,73,60,KDBQ,55
8/3/2017,79,67,54,KDBQ,55
8/4/2017,72,63,53,KDBQ,55
8/5/2017,76,64,52,KDBQ,55
8/6/2017,76,68,59,KDBQ,55
8/7/2017,78,67,55,KDBQ,55
8/8/2017,79,65,50,KDBQ,55
8/9/2017,78,66,53,KDBQ,55
8/10/2017,81,71,60,KDBQ,55
8/11/2017,73,64,54,KDBQ,55
8/12/2017,76,63,50,KDBQ,55
8/13/2017,72,62,52,KDBQ,55
8/14/2017,76,67,57,KDBQ,55
8/15/2017,72,67,61,KDBQ,55
8/16/2017,82,73,63,KDBQ,55
8/17/2017,76,71,65,KDBQ,55
8/18/2017,77,68,59,KDBQ,55
8/19/2017,79,68,56,KDBQ,55
8/20/2017,76,69,61,KDBQ,55
8/21/2017,78,70,62,KDBQ,55
8/22/2017,74,65,55,KDBQ,55
8/23/2017,75,62,49,KDBQ,55
8/24/2017,74,64,53,KDBQ,55
8/25/2017,69,62,55,KDBQ,55
8/26/2017,68,62,55,KDBQ,55
8/27/2017,73,64,55,KDBQ,55
8/28/2017,74,65,55,KDBQ,55
8/29/2017,76,67,58,KDBQ,55
8/30/2017,79,66,53,KDBQ,55
8/31/2017,69,61,53,KDBQ,55
8/1/2017,82,72,61,KDLH,56
8/2/2017,67,62,56,KDLH,56
8/3/2017,57,54,50,KDLH,56
8/4/2017,73,62,50,KDLH,56
8/5/2017,74,61,48,KDLH,56
8/6/2017,71,61,50,KDLH,56
8/7/2017,78,63,48,KDLH,56
8/8/2017,80,68,56,KDLH,56
8/9/2017,75,65,55,KDLH,56
8/10/2017,66,61,55,KDLH,56
8/11/2017,74,62,50,KDLH,56
8/12/2017,78,64,50,KDLH,56
8/13/2017,71,63,55,KDLH,56
8/14/2017,70,62,53,KDLH,56
8/15/2017,71,62,52,KDLH,56
8/16/2017,65,61,56,KDLH,56
8/17/2017,62,60,58,KDLH,56
8/18/2017,71,63,55,KDLH,56
8/19/2017,80,69,57,KDLH,56
8/20/2017,78,68,57,KDLH,56
8/21/2017,69,59,49,KDLH,56
8/22/2017,68,60,51,KDLH,56
8/23/2017,67,58,48,KDLH,56
8/24/2017,64,55,46,KDLH,56
8/25/2017,67,57,46,KDLH,56
8/26/2017,60,58,56,KDLH,56
8/27/2017,64,61,58,KDLH,56
8/28/2017,69,62,54,KDLH,56
8/29/2017,77,64,50,KDLH,56
8/30/2017,72,63,53,KDLH,56
8/31/2017,63,55,46,KDLH,56
8/1/2017,86,78,72,KHOT,57
8/2/2017,84,76,71,KHOT,57
8/3/2017,91,80,69,KHOT,57
8/4/2017,88,80,73,KHOT,57
8/5/2017,91,80,71,KHOT,57
8/6/2017,80,76,71,KHOT,57
8/7/2017,80,76,73,KHOT,57
8/8/2017,87,76,69,KHOT,57
8/9/2017,90,79,69,KHOT,57
8/10/2017,91,82,73,KHOT,57
8/11/2017,90,81,73,KHOT,57
8/12/2017,91,80,72,KHOT,57
8/13/2017,78,73,69,KHOT,57
8/14/2017,81,76,73,KHOT,57
8/15/2017,91,83,75,KHOT,57
8/16/2017,93,84,77,KHOT,57
8/17/2017,88,80,73,KHOT,57
8/18/2017,93,82,72,KHOT,57
8/19/2017,97,84,72,KHOT,57
8/20/2017,96,86,77,KHOT,57
8/21/2017,91,83,75,KHOT,57
8/22/2017,95,84,75,KHOT,57
8/23/2017,87,78,73,KHOT,57
8/24/2017,84,76,69,KHOT,57
8/25/2017,87,76,66,KHOT,57
8/26/2017,82,77,72,KHOT,57
8/27/2017,86,78,73,KHOT,57
8/28/2017,87,78,70,KHOT,57
8/29/2017,86,77,68,KHOT,57
8/30/2017,82,77,72,KHOT,57
8/31/2017,82,76,71,KHOT,57
8/1/2017,89,78,67,KMSP,58
8/2/2017,84,76,67,KMSP,58
8/3/2017,67,61,54,KMSP,58
8/4/2017,78,66,54,KMSP,58
8/5/2017,79,68,57,KMSP,58
8/6/2017,76,69,62,KMSP,58
8/7/2017,82,70,57,KMSP,58
8/8/2017,84,73,62,KMSP,58
8/9/2017,71,67,63,KMSP,58
8/10/2017,74,68,61,KMSP,58
8/11/2017,80,69,58,KMSP,58
8/12/2017,80,69,58,KMSP,58
8/13/2017,72,67,61,KMSP,58
8/14/2017,76,69,62,KMSP,58
8/15/2017,78,69,59,KMSP,58
8/16/2017,78,71,64,KMSP,58
8/17/2017,74,69,63,KMSP,58
8/18/2017,75,68,60,KMSP,58
8/19/2017,80,70,59,KMSP,58
8/20/2017,86,76,66,KMSP,58
8/21/2017,80,73,66,KMSP,58
8/22/2017,76,68,60,KMSP,58
8/23/2017,77,67,56,KMSP,58
8/24/2017,73,66,59,KMSP,58
8/25/2017,71,64,57,KMSP,58
8/26/2017,67,64,60,KMSP,58
8/27/2017,73,68,63,KMSP,58
8/28/2017,74,68,61,KMSP,58
8/29/2017,80,69,58,KMSP,58
8/30/2017,83,73,62,KMSP,58
8/31/2017,71,64,56,KMSP,58
8/1/2017,86,79,71,KSGF,59
8/2/2017,88,78,68,KSGF,59
8/3/2017,90,79,67,KSGF,59
8/4/2017,80,69,58,KSGF,59
8/5/2017,75,67,58,KSGF,59
8/6/2017,71,67,63,KSGF,59
8/7/2017,82,75,67,KSGF,59
8/8/2017,82,73,63,KSGF,59
8/9/2017,84,74,63,KSGF,59
8/10/2017,84,77,69,KSGF,59
8/11/2017,82,76,69,KSGF,59
8/12/2017,78,72,66,KSGF,59
8/13/2017,71,68,65,KSGF,59
8/14/2017,81,75,68,KSGF,59
8/15/2017,87,77,67,KSGF,59
8/16/2017,87,78,68,KSGF,59
8/17/2017,84,74,64,KSGF,59
8/18/2017,86,73,60,KSGF,59
8/19/2017,91,79,67,KSGF,59
8/20/2017,91,80,69,KSGF,59
8/21/2017,89,80,71,KSGF,59
8/22/2017,84,76,67,KSGF,59
8/23/2017,79,70,61,KSGF,59
8/24/2017,80,70,59,KSGF,59
8/25/2017,81,72,62,KSGF,59
8/26/2017,82,73,64,KSGF,59
8/27/2017,86,75,63,KSGF,59
8/28/2017,82,73,64,KSGF,59
8/29/2017,80,69,58,KSGF,59
8/30/2017,83,71,59,KSGF,59
8/31/2017,80,71,62,KSGF,59
8/1/2017,90,77,63,KDSM,60
8/2/2017,89,78,66,KDSM,60
8/3/2017,81,69,56,KDSM,60
8/4/2017,80,67,53,KDSM,60
8/5/2017,76,66,56,KDSM,60
8/6/2017,79,71,62,KDSM,60
8/7/2017,82,72,62,KDSM,60
8/8/2017,84,71,58,KDSM,60
8/9/2017,86,73,60,KDSM,60
8/10/2017,88,77,65,KDSM,60
8/11/2017,83,72,61,KDSM,60
8/12/2017,84,70,56,KDSM,60
8/13/2017,81,72,63,KDSM,60
8/14/2017,87,75,63,KDSM,60
8/15/2017,79,73,66,KDSM,60
8/16/2017,86,78,69,KDSM,60
8/17/2017,84,76,67,KDSM,60
8/18/2017,89,75,61,KDSM,60
8/19/2017,87,76,65,KDSM,60
8/20/2017,81,75,69,KDSM,60
8/21/2017,85,76,66,KDSM,60
8/22/2017,78,69,59,KDSM,60
8/23/2017,80,68,55,KDSM,60
8/24/2017,81,72,62,KDSM,60
8/25/2017,81,72,63,KDSM,60
8/26/2017,83,73,62,KDSM,60
8/27/2017,80,72,64,KDSM,60
8/28/2017,74,67,60,KDSM,60
8/29/2017,82,70,57,KDSM,60
8/30/2017,84,72,60,KDSM,60
8/31/2017,83,73,62,KDSM,60
8/1/2017,91,81,72,KBAD,61
8/2/2017,81,76,71,KBAD,61
8/3/2017,90,80,71,KBAD,61
8/4/2017,94,82,69,KBAD,61
8/5/2017,93,80,68,KBAD,61
8/6/2017,89,80,73,KBAD,61
8/7/2017,80,76,72,KBAD,61
8/8/2017,85,78,73,KBAD,61
8/9/2017,88,80,72,KBAD,61
8/10/2017,90,82,73,KBAD,61
8/11/2017,95,84,73,KBAD,61
8/12/2017,93,82,71,KBAD,61
8/13/2017,86,80,73,KBAD,61
8/14/2017,91,84,77,KBAD,61
8/15/2017,94,86,77,KBAD,61
8/16/2017,95,84,75,KBAD,61
8/17/2017,88,80,73,KBAD,61
8/18/2017,95,85,75,KBAD,61
8/19/2017,98,87,76,KBAD,61
8/20/2017,96,85,74,KBAD,61
8/21/2017,93,82,72,KBAD,61
8/22/2017,94,84,72,KBAD,61
8/23/2017,93,82,73,KBAD,61
8/24/2017,88,80,72,KBAD,61
8/25/2017,85,77,70,KBAD,61
8/26/2017,84,78,72,KBAD,61
8/27/2017,81,77,72,KBAD,61
8/28/2017,78,73,68,KBAD,61
8/29/2017,78,73,68,KBAD,61
8/30/2017,73,71,69,KBAD,61
8/31/2017,83,76,69,KBAD,61
8/1/2017,86,74,64,KMKC,62
8/2/2017,90,78,69,KMKC,62
8/3/2017,82,76,69,KMKC,62
8/4/2017,80,68,57,KMKC,62
8/5/2017,69,65,61,KMKC,62
8/6/2017,75,70,66,KMKC,62
8/7/2017,81,73,66,KMKC,62
8/8/2017,82,72,63,KMKC,62
8/9/2017,86,74,64,KMKC,62
8/10/2017,87,80,72,KMKC,62
8/11/2017,82,76,69,KMKC,62
8/12/2017,82,74,66,KMKC,62
8/13/2017,81,72,64,KMKC,62
8/14/2017,88,78,69,KMKC,62
8/15/2017,90,81,73,KMKC,62
8/16/2017,88,80,71,KMKC,62
8/17/2017,84,76,69,KMKC,62
8/18/2017,89,79,69,KMKC,62
8/19/2017,95,82,70,KMKC,62
8/20/2017,90,80,70,KMKC,62
8/21/2017,82,76,70,KMKC,62
8/22/2017,81,73,64,KMKC,62
8/23/2017,81,70,60,KMKC,62
8/24/2017,81,72,64,KMKC,62
8/25/2017,84,75,68,KMKC,62
8/26/2017,86,76,68,KMKC,62
8/27/2017,77,72,68,KMKC,62
8/28/2017,81,72,64,KMKC,62
8/29/2017,79,70,62,KMKC,62
8/30/2017,84,72,62,KMKC,62
8/31/2017,82,72,63,KMKC,62
8/1/2017,87,76,65,KLNK,63
8/2/2017,88,76,64,KLNK,63
8/3/2017,77,67,56,KLNK,63
8/4/2017,79,65,50,KLNK,63
8/5/2017,69,65,60,KLNK,63
8/6/2017,75,69,62,KLNK,63
8/7/2017,81,70,59,KLNK,63
8/8/2017,83,70,56,KLNK,63
8/9/2017,77,69,61,KLNK,63
8/10/2017,82,71,59,KLNK,63
8/11/2017,81,69,57,KLNK,63
8/12/2017,83,69,55,KLNK,63
8/13/2017,83,74,65,KLNK,63
8/14/2017,87,77,66,KLNK,63
8/15/2017,89,79,68,KLNK,63
8/16/2017,83,75,66,KLNK,63
8/17/2017,85,74,62,KLNK,63
8/18/2017,87,76,64,KLNK,63
8/19/2017,88,73,58,KLNK,63
8/20/2017,87,76,65,KLNK,63
8/21/2017,85,76,67,KLNK,63
8/22/2017,78,67,56,KLNK,63
8/23/2017,80,67,53,KLNK,63
8/24/2017,82,70,58,KLNK,63
8/25/2017,84,75,65,KLNK,63
8/26/2017,88,77,66,KLNK,63
8/27/2017,84,74,63,KLNK,63
8/28/2017,79,68,56,KLNK,63
8/29/2017,80,67,54,KLNK,63
8/30/2017,83,68,52,KLNK,63
8/31/2017,85,71,57,KLNK,63
8/1/2017,89,76,62,KFSD,64
8/2/2017,82,70,57,KFSD,64
8/3/2017,71,63,54,KFSD,64
8/4/2017,78,63,48,KFSD,64
8/5/2017,71,64,57,KFSD,64
8/6/2017,70,64,58,KFSD,64
8/7/2017,81,69,57,KFSD,64
8/8/2017,80,66,51,KFSD,64
8/9/2017,82,72,61,KFSD,64
8/10/2017,76,67,58,KFSD,64
8/11/2017,81,67,53,KFSD,64
8/12/2017,80,68,55,KFSD,64
8/13/2017,73,68,62,KFSD,64
8/14/2017,78,68,57,KFSD,64
8/15/2017,75,68,60,KFSD,64
8/16/2017,69,67,65,KFSD,64
8/17/2017,80,71,61,KFSD,64
8/18/2017,81,71,60,KFSD,64
8/19/2017,82,68,53,KFSD,64
8/20/2017,84,73,62,KFSD,64
8/21/2017,74,69,63,KFSD,64
8/22/2017,76,65,53,KFSD,64
8/23/2017,81,66,50,KFSD,64
8/24/2017,77,71,64,KFSD,64
8/25/2017,81,72,63,KFSD,64
8/26/2017,82,73,64,KFSD,64
8/27/2017,82,71,59,KFSD,64
8/28/2017,80,67,53,KFSD,64
8/29/2017,80,67,53,KFSD,64
8/30/2017,83,69,55,KFSD,64
8/31/2017,79,69,58,KFSD,64
8/1/2017,93,83,75,KDAL,65
8/2/2017,84,78,73,KDAL,65
8/3/2017,93,83,75,KDAL,65
8/4/2017,97,87,77,KDAL,65
8/5/2017,97,87,78,KDAL,65
8/6/2017,99,90,80,KDAL,65
8/7/2017,93,83,75,KDAL,65
8/8/2017,90,82,75,KDAL,65
8/9/2017,91,82,75,KDAL,65
8/10/2017,99,87,77,KDAL,65
8/11/2017,100,91,82,KDAL,65
8/12/2017,97,86,75,KDAL,65
8/13/2017,91,84,77,KDAL,65
8/14/2017,91,82,73,KDAL,65
8/15/2017,96,88,81,KDAL,65
8/16/2017,96,88,80,KDAL,65
8/17/2017,91,82,72,KDAL,65
8/18/2017,93,86,78,KDAL,65
8/19/2017,99,89,80,KDAL,65
8/20/2017,98,90,82,KDAL,65
8/21/2017,96,88,80,KDAL,65
8/22/2017,98,88,80,KDAL,65
8/23/2017,91,84,78,KDAL,65
8/24/2017,90,84,78,KDAL,65
8/25/2017,88,82,77,KDAL,65
8/26/2017,82,78,75,KDAL,65
8/27/2017,82,78,75,KDAL,65
8/28/2017,88,80,73,KDAL,65
8/29/2017,90,80,72,KDAL,65
8/30/2017,89,80,71,KDAL,65
8/31/2017,90,80,72,KDAL,65
8/1/2017,84,72,60,KFAR,66
8/2/2017,79,67,54,KFAR,66
8/3/2017,73,64,55,KFAR,66
8/4/2017,80,64,47,KFAR,66
8/5/2017,80,67,54,KFAR,66
8/6/2017,79,68,56,KFAR,66
8/7/2017,82,67,52,KFAR,66
8/8/2017,85,71,56,KFAR,66
8/9/2017,79,70,61,KFAR,66
8/10/2017,80,68,55,KFAR,66
8/11/2017,81,65,49,KFAR,66
8/12/2017,79,65,50,KFAR,66
8/13/2017,70,66,61,KFAR,66
8/14/2017,77,66,55,KFAR,66
8/15/2017,76,66,55,KFAR,66
8/16/2017,68,66,64,KFAR,66
8/17/2017,79,70,61,KFAR,66
8/18/2017,80,70,60,KFAR,66
8/19/2017,83,71,58,KFAR,66
8/20/2017,77,68,59,KFAR,66
8/21/2017,76,66,55,KFAR,66
8/22/2017,78,64,49,KFAR,66
8/23/2017,78,62,45,KFAR,66
8/24/2017,77,65,52,KFAR,66
8/25/2017,68,64,59,KFAR,66
8/26/2017,70,63,56,KFAR,66
8/27/2017,76,65,53,KFAR,66
8/28/2017,86,68,49,KFAR,66
8/29/2017,87,73,58,KFAR,66
8/30/2017,83,71,58,KFAR,66
8/31/2017,76,67,58,KFAR,66
8/1/2017,82,74,66,KAAO,67
8/2/2017,89,76,63,KAAO,67
8/3/2017,89,78,66,KAAO,67
8/4/2017,81,70,61,KAAO,67
8/5/2017,86,74,62,KAAO,67
8/6/2017,81,73,66,KAAO,67
8/7/2017,77,70,63,KAAO,67
8/8/2017,82,70,60,KAAO,67
8/9/2017,82,73,64,KAAO,67
8/10/2017,86,74,63,KAAO,67
8/11/2017,84,74,66,KAAO,67
8/12/2017,78,70,62,KAAO,67
8/13/2017,82,70,60,KAAO,67
8/14/2017,88,78,69,KAAO,67
8/15/2017,87,78,70,KAAO,67
8/16/2017,87,74,64,KAAO,67
8/17/2017,87,74,64,KAAO,67
8/18/2017,91,80,68,KAAO,67
8/19/2017,95,82,70,KAAO,67
8/20/2017,91,82,73,KAAO,67
8/21/2017,91,82,73,KAAO,67
8/22/2017,84,72,62,KAAO,67
8/23/2017,82,68,55,KAAO,67
8/24/2017,84,68,55,KAAO,67
8/25/2017,81,73,66,KAAO,67
8/26/2017,87,75,64,KAAO,67
8/27/2017,87,77,66,KAAO,67
8/28/2017,84,72,62,KAAO,67
8/29/2017,82,68,55,KAAO,67
8/30/2017,82,68,54,KAAO,67
8/31/2017,82,70,59,KAAO,67
8/1/2017,76,70,66,KTIK,68
8/2/2017,87,78,69,KTIK,68
8/3/2017,93,80,67,KTIK,68
8/4/2017,86,77,68,KTIK,68
8/5/2017,98,84,70,KTIK,68
8/6/2017,87,78,69,KTIK,68
8/7/2017,84,76,68,KTIK,68
8/8/2017,87,76,67,KTIK,68
8/9/2017,88,77,67,KTIK,68
8/10/2017,90,80,71,KTIK,68
8/11/2017,86,76,68,KTIK,68
8/12/2017,75,72,69,KTIK,68
8/13/2017,84,76,69,KTIK,68
8/14/2017,88,80,72,KTIK,68
8/15/2017,89,80,71,KTIK,68
8/16/2017,90,80,70,KTIK,68
8/17/2017,91,79,68,KTIK,68
8/18/2017,92,82,73,KTIK,68
8/19/2017,96,84,73,KTIK,68
8/20/2017,91,82,73,KTIK,68
8/21/2017,92,83,75,KTIK,68
8/22/2017,92,80,69,KTIK,68
8/23/2017,85,76,68,KTIK,68
8/24/2017,85,74,63,KTIK,68
8/25/2017,77,71,65,KTIK,68
8/26/2017,82,75,68,KTIK,68
8/27/2017,88,77,67,KTIK,68
8/28/2017,85,76,68,KTIK,68
8/29/2017,82,72,61,KTIK,68
8/30/2017,82,72,62,KTIK,68
8/31/2017,83,72,62,KTIK,68
8/1/2017,98,86,74,KSKF,69
8/2/2017,97,86,75,KSKF,69
8/3/2017,93,84,76,KSKF,69
8/4/2017,99,86,74,KSKF,69
8/5/2017,99,88,77,KSKF,69
8/6/2017,98,87,77,KSKF,69
8/7/2017,87,79,71,KSKF,69
8/8/2017,92,82,73,KSKF,69
8/9/2017,93,84,75,KSKF,69
8/10/2017,95,85,75,KSKF,69
8/11/2017,96,84,73,KSKF,69
8/12/2017,97,86,76,KSKF,69
8/13/2017,97,86,75,KSKF,69
8/14/2017,97,86,74,KSKF,69
8/15/2017,97,86,75,KSKF,69
8/16/2017,97,88,78,KSKF,69
8/17/2017,97,88,78,KSKF,69
8/18/2017,96,86,76,KSKF,69
8/19/2017,96,85,75,KSKF,69
8/20/2017,96,85,75,KSKF,69
8/21/2017,93,84,75,KSKF,69
8/22/2017,94,84,73,KSKF,69
8/23/2017,95,84,72,KSKF,69
8/24/2017,90,82,76,KSKF,69
8/25/2017,88,81,75,KSKF,69
8/26/2017,80,76,73,KSKF,69
8/27/2017,78,74,71,KSKF,69
8/28/2017,87,80,73,KSKF,69
8/29/2017,90,80,71,KSKF,69
8/30/2017,90,79,68,KSKF,69
8/31/2017,92,78,65,KSKF,69
8/1/2017,86,74,62,KPIR,70
8/2/2017,80,69,58,KPIR,70
8/3/2017,72,62,51,KPIR,70
8/4/2017,82,64,46,KPIR,70
8/5/2017,73,66,59,KPIR,70
8/6/2017,76,65,54,KPIR,70
8/7/2017,79,68,56,KPIR,70
8/8/2017,87,71,55,KPIR,70
8/9/2017,83,70,57,KPIR,70
8/10/2017,77,66,55,KPIR,70
8/11/2017,83,67,51,KPIR,70
8/12/2017,83,73,62,KPIR,70
8/13/2017,80,69,57,KPIR,70
8/14/2017,79,66,52,KPIR,70
8/15/2017,79,71,63,KPIR,70
8/16/2017,72,64,56,KPIR,70
8/17/2017,88,70,51,KPIR,70
8/18/2017,83,70,56,KPIR,70
8/19/2017,93,75,57,KPIR,70
8/20/2017,80,70,59,KPIR,70
8/21/2017,81,70,58,KPIR,70
8/22/2017,81,66,50,KPIR,70
8/23/2017,86,72,57,KPIR,70
8/24/2017,82,70,58,KPIR,70
8/25/2017,77,67,56,KPIR,70
8/26/2017,84,68,51,KPIR,70
8/27/2017,85,72,59,KPIR,70
8/28/2017,88,70,51,KPIR,70
8/29/2017,90,76,62,KPIR,70
8/30/2017,88,73,58,KPIR,70
8/31/2017,81,73,64,KPIR,70
8/1/2017,89,75,60,KLBF,71
8/2/2017,85,71,57,KLBF,71
8/3/2017,76,64,51,KLBF,71
8/4/2017,79,63,47,KLBF,71
8/5/2017,84,72,60,KLBF,71
8/6/2017,83,73,63,KLBF,71
8/7/2017,80,69,58,KLBF,71
8/8/2017,77,67,56,KLBF,71
8/9/2017,84,71,58,KLBF,71
8/10/2017,74,65,55,KLBF,71
8/11/2017,81,64,47,KLBF,71
8/12/2017,81,70,58,KLBF,71
8/13/2017,85,73,61,KLBF,71
8/14/2017,85,72,58,KLBF,71
8/15/2017,88,75,61,KLBF,71
8/16/2017,78,66,54,KLBF,71
8/17/2017,87,69,50,KLBF,71
8/18/2017,89,72,54,KLBF,71
8/19/2017,93,75,56,KLBF,71
8/20/2017,89,74,58,KLBF,71
8/21/2017,86,75,63,KLBF,71
8/22/2017,79,65,50,KLBF,71
8/23/2017,83,70,57,KLBF,71
8/24/2017,88,73,58,KLBF,71
8/25/2017,90,76,61,KLBF,71
8/26/2017,86,73,59,KLBF,71
8/27/2017,85,71,57,KLBF,71
8/28/2017,88,70,52,KLBF,71
8/29/2017,87,71,54,KLBF,71
8/30/2017,89,72,55,KLBF,71
8/31/2017,84,70,56,KLBF,71
8/1/2017,87,75,62,KBIS,72
8/2/2017,64,60,56,KBIS,72
8/3/2017,75,65,55,KBIS,72
8/4/2017,79,64,49,KBIS,72
8/5/2017,77,67,57,KBIS,72
8/6/2017,75,65,54,KBIS,72
8/7/2017,81,66,51,KBIS,72
8/8/2017,84,69,53,KBIS,72
8/9/2017,79,67,54,KBIS,72
8/10/2017,78,66,53,KBIS,72
8/11/2017,81,66,51,KBIS,72
8/12/2017,77,68,59,KBIS,72
8/13/2017,77,67,56,KBIS,72
8/14/2017,76,63,50,KBIS,72
8/15/2017,72,66,59,KBIS,72
8/16/2017,80,69,57,KBIS,72
8/17/2017,84,69,53,KBIS,72
8/18/2017,83,71,58,KBIS,72
8/19/2017,87,72,57,KBIS,72
8/20/2017,75,64,53,KBIS,72
8/21/2017,78,65,52,KBIS,72
8/22/2017,78,62,46,KBIS,72
8/23/2017,85,66,47,KBIS,72
8/24/2017,83,69,55,KBIS,72
8/25/2017,71,65,58,KBIS,72
8/26/2017,76,67,58,KBIS,72
8/27/2017,85,68,51,KBIS,72
8/28/2017,88,72,56,KBIS,72
8/29/2017,86,72,57,KBIS,72
8/30/2017,82,70,58,KBIS,72
8/31/2017,88,73,57,KBIS,72
8/1/2017,85,76,66,KGCK,73
8/2/2017,86,74,62,KGCK,73
8/3/2017,78,70,61,KGCK,73
8/4/2017,83,72,60,KGCK,73
8/5/2017,93,79,65,KGCK,73
8/6/2017,85,75,65,KGCK,73
8/7/2017,77,69,60,KGCK,73
8/8/2017,76,67,58,KGCK,73
8/9/2017,86,73,60,KGCK,73
8/10/2017,85,75,64,KGCK,73
8/11/2017,80,71,62,KGCK,73
8/12/2017,77,72,66,KGCK,73
8/13/2017,83,73,62,KGCK,73
8/14/2017,88,74,60,KGCK,73
8/15/2017,88,77,66,KGCK,73
8/16/2017,85,74,63,KGCK,73
8/17/2017,88,72,55,KGCK,73
8/18/2017,92,76,60,KGCK,73
8/19/2017,95,78,61,KGCK,73
8/20/2017,94,81,67,KGCK,73
8/21/2017,88,78,67,KGCK,73
8/22/2017,86,74,61,KGCK,73
8/23/2017,84,69,54,KGCK,73
8/24/2017,83,71,59,KGCK,73
8/25/2017,85,73,61,KGCK,73
8/26/2017,88,76,64,KGCK,73
8/27/2017,91,77,62,KGCK,73
8/28/2017,87,71,55,KGCK,73
8/29/2017,87,70,52,KGCK,73
8/30/2017,87,71,54,KGCK,73
8/31/2017,85,70,54,KGCK,73
8/1/2017,88,77,65,KAMA,74
8/2/2017,86,74,62,KAMA,74
8/3/2017,88,75,62,KAMA,74
8/4/2017,87,73,58,KAMA,74
8/5/2017,95,80,65,KAMA,74
8/6/2017,77,72,66,KAMA,74
8/7/2017,76,70,64,KAMA,74
8/8/2017,76,69,61,KAMA,74
8/9/2017,87,75,63,KAMA,74
8/10/2017,91,76,61,KAMA,74
8/11/2017,81,72,63,KAMA,74
8/12/2017,80,72,64,KAMA,74
8/13/2017,86,75,63,KAMA,74
8/14/2017,87,74,60,KAMA,74
8/15/2017,87,75,63,KAMA,74
8/16/2017,86,76,66,KAMA,74
8/17/2017,89,75,60,KAMA,74
8/18/2017,87,76,64,KAMA,74
8/19/2017,91,78,65,KAMA,74
8/20/2017,90,78,66,KAMA,74
8/21/2017,84,75,66,KAMA,74
8/22/2017,82,73,64,KAMA,74
8/23/2017,80,73,66,KAMA,74
8/24/2017,80,73,65,KAMA,74
8/25/2017,81,72,63,KAMA,74
8/26/2017,84,75,66,KAMA,74
8/27/2017,85,74,62,KAMA,74
8/28/2017,82,72,61,KAMA,74
8/29/2017,83,70,56,KAMA,74
8/30/2017,84,70,56,KAMA,74
8/31/2017,84,69,53,KAMA,74
8/1/2017,84,75,66,KCNM,75
8/2/2017,87,76,66,KCNM,75
8/3/2017,90,78,66,KCNM,75
8/4/2017,91,80,70,KCNM,75
8/5/2017,96,84,72,KCNM,75
8/6/2017,98,85,72,KCNM,75
8/7/2017,91,80,71,KCNM,75
8/8/2017,86,78,71,KCNM,75
8/9/2017,91,80,69,KCNM,75
8/10/2017,95,81,69,KCNM,75
8/11/2017,93,82,72,KCNM,75
8/12/2017,88,77,66,KCNM,75
8/13/2017,96,81,69,KCNM,75
8/14/2017,90,80,70,KCNM,75
8/15/2017,91,81,72,KCNM,75
8/16/2017,95,82,69,KCNM,75
8/17/2017,93,80,66,KCNM,75
8/18/2017,93,80,66,KCNM,75
8/19/2017,90,79,68,KCNM,75
8/20/2017,91,80,68,KCNM,75
8/21/2017,84,76,68,KCNM,75
8/22/2017,90,78,66,KCNM,75
8/23/2017,86,76,68,KCNM,75
8/24/2017,80,74,68,KCNM,75
8/25/2017,88,78,68,KCNM,75
8/26/2017,87,77,68,KCNM,75
8/27/2017,88,76,66,KCNM,75
8/28/2017,87,76,64,KCNM,75
8/29/2017,86,76,66,KCNM,75
8/30/2017,87,72,59,KCNM,75
8/31/2017,87,72,57,KCNM,75
8/1/2017,82,70,58,KTAD,76
8/2/2017,88,72,56,KTAD,76
8/3/2017,73,66,58,KTAD,76
8/4/2017,86,70,53,KTAD,76
8/5/2017,87,72,56,KTAD,76
8/6/2017,79,68,56,KTAD,76
8/7/2017,68,62,56,KTAD,76
8/8/2017,80,67,53,KTAD,76
8/9/2017,83,69,54,KTAD,76
8/10/2017,83,71,59,KTAD,76
8/11/2017,75,68,60,KTAD,76
8/12/2017,83,70,56,KTAD,76
8/13/2017,85,72,58,KTAD,76
8/14/2017,89,73,56,KTAD,76
8/15/2017,87,73,59,KTAD,76
8/16/2017,80,66,52,KTAD,76
8/17/2017,85,69,53,KTAD,76
8/18/2017,88,72,56,KTAD,76
8/19/2017,87,77,66,KTAD,76
8/20/2017,91,75,59,KTAD,76
8/21/2017,85,72,58,KTAD,76
8/22/2017,75,66,56,KTAD,76
8/23/2017,85,69,53,KTAD,76
8/24/2017,79,67,55,KTAD,76
8/25/2017,83,68,52,KTAD,76
8/26/2017,86,71,55,KTAD,76
8/27/2017,85,71,57,KTAD,76
8/28/2017,83,69,54,KTAD,76
8/29/2017,84,70,57,KTAD,76
8/30/2017,85,70,55,KTAD,76
8/31/2017,88,73,58,KTAD,76
8/1/2017,87,71,55,KCYS,77
8/2/2017,81,68,55,KCYS,77
8/3/2017,69,62,54,KCYS,77
8/4/2017,89,71,53,KCYS,77
8/5/2017,82,68,53,KCYS,77
8/6/2017,66,59,52,KCYS,77
8/7/2017,62,57,53,KCYS,77
8/8/2017,75,64,54,KCYS,77
8/9/2017,75,66,55,KCYS,77
8/10/2017,66,58,51,KCYS,77
8/11/2017,73,63,53,KCYS,77
8/12/2017,80,66,53,KCYS,77
8/13/2017,82,68,55,KCYS,77
8/14/2017,87,69,51,KCYS,77
8/15/2017,79,65,51,KCYS,77
8/16/2017,73,62,52,KCYS,77
8/17/2017,82,67,52,KCYS,77
8/18/2017,84,66,48,KCYS,77
8/19/2017,89,74,59,KCYS,77
8/20/2017,84,72,61,KCYS,77
8/21/2017,79,66,54,KCYS,77
8/22/2017,77,67,57,KCYS,77
8/23/2017,86,70,55,KCYS,77
8/24/2017,84,70,55,KCYS,77
8/25/2017,84,72,59,KCYS,77
8/26/2017,88,71,54,KCYS,77
8/27/2017,82,71,60,KCYS,77
8/28/2017,88,70,51,KCYS,77
8/29/2017,88,71,54,KCYS,77
8/30/2017,86,72,57,KCYS,77
8/31/2017,81,66,52,KCYS,77
8/1/2017,87,74,60,KBJC,78
8/2/2017,87,72,57,KBJC,78
8/3/2017,68,62,55,KBJC,78
8/4/2017,87,70,53,KBJC,78
8/5/2017,82,70,57,KBJC,78
8/6/2017,73,63,53,KBJC,78
8/7/2017,64,60,55,KBJC,78
8/8/2017,82,68,55,KBJC,78
8/9/2017,77,66,55,KBJC,78
8/10/2017,77,66,55,KBJC,78
8/11/2017,80,68,55,KBJC,78
8/12/2017,84,70,57,KBJC,78
8/13/2017,86,72,59,KBJC,78
8/14/2017,84,72,59,KBJC,78
8/15/2017,80,68,57,KBJC,78
8/16/2017,75,66,57,KBJC,78
8/17/2017,86,72,57,KBJC,78
8/18/2017,86,72,57,KBJC,78
8/19/2017,91,78,66,KBJC,78
8/20/2017,87,76,66,KBJC,78
8/21/2017,84,74,64,KBJC,78
8/22/2017,78,68,59,KBJC,78
8/23/2017,86,73,60,KBJC,78
8/24/2017,84,72,59,KBJC,78
8/25/2017,89,72,55,KBJC,78
8/26/2017,91,76,60,KBJC,78
8/27/2017,84,76,68,KBJC,78
8/28/2017,89,74,59,KBJC,78
8/29/2017,89,76,62,KBJC,78
8/30/2017,87,74,62,KBJC,78
8/31/2017,82,70,57,KBJC,78
8/1/2017,81,71,62,KSAF,79
8/2/2017,87,70,54,KSAF,79
8/3/2017,89,72,55,KSAF,79
8/4/2017,82,68,55,KSAF,79
8/5/2017,84,71,60,KSAF,79
8/6/2017,82,69,57,KSAF,79
8/7/2017,86,73,60,KSAF,79
8/8/2017,82,70,60,KSAF,79
8/9/2017,91,73,57,KSAF,79
8/10/2017,91,75,60,KSAF,79
8/11/2017,80,69,60,KSAF,79
8/12/2017,81,70,59,KSAF,79
8/13/2017,86,74,62,KSAF,79
8/14/2017,87,73,62,KSAF,79
8/15/2017,84,70,57,KSAF,79
8/16/2017,84,68,54,KSAF,79
8/17/2017,84,70,57,KSAF,79
8/18/2017,90,73,57,KSAF,79
8/19/2017,87,70,57,KSAF,79
8/20/2017,75,67,59,KSAF,79
8/21/2017,75,66,57,KSAF,79
8/22/2017,82,70,57,KSAF,79
8/23/2017,82,68,55,KSAF,79
8/24/2017,73,66,59,KSAF,79
8/25/2017,84,68,53,KSAF,79
8/26/2017,88,70,53,KSAF,79
8/27/2017,89,72,57,KSAF,79
8/28/2017,87,72,59,KSAF,79
8/29/2017,89,68,51,KSAF,79
8/30/2017,87,70,54,KSAF,79
8/31/2017,86,69,54,KSAF,79
8/1/2017,89,79,69,KELP,80
8/2/2017,89,81,73,KELP,80
8/3/2017,92,81,70,KELP,80
8/4/2017,94,84,73,KELP,80
8/5/2017,96,85,74,KELP,80
8/6/2017,98,85,71,KELP,80
8/7/2017,99,87,74,KELP,80
8/8/2017,94,84,73,KELP,80
8/9/2017,98,85,72,KELP,80
8/10/2017,97,87,77,KELP,80
8/11/2017,98,84,70,KELP,80
8/12/2017,92,80,68,KELP,80
8/13/2017,96,86,76,KELP,80
8/14/2017,96,81,65,KELP,80
8/15/2017,94,80,65,KELP,80
8/16/2017,95,85,75,KELP,80
8/17/2017,96,83,69,KELP,80
8/18/2017,96,84,72,KELP,80
8/19/2017,90,80,70,KELP,80
8/20/2017,81,74,66,KELP,80
8/21/2017,88,78,67,KELP,80
8/22/2017,95,83,70,KELP,80
8/23/2017,94,82,69,KELP,80
8/24/2017,87,77,67,KELP,80
8/25/2017,90,79,68,KELP,80
8/26/2017,89,80,71,KELP,80
8/27/2017,92,81,70,KELP,80
8/28/2017,92,81,69,KELP,80
8/29/2017,91,80,68,KELP,80
8/30/2017,90,78,65,KELP,80
8/31/2017,90,77,64,KELP,80
8/1/2017,97,83,68,KGJT,81
8/2/2017,97,83,68,KGJT,81
8/3/2017,92,80,68,KGJT,81
8/4/2017,94,79,64,KGJT,81
8/5/2017,87,75,63,KGJT,81
8/6/2017,90,76,61,KGJT,81
8/7/2017,85,76,66,KGJT,81
8/8/2017,89,75,60,KGJT,81
8/9/2017,90,75,59,KGJT,81
8/10/2017,91,77,62,KGJT,81
8/11/2017,92,76,59,KGJT,81
8/12/2017,87,72,56,KGJT,81
8/13/2017,90,77,63,KGJT,81
8/14/2017,89,78,67,KGJT,81
8/15/2017,83,73,62,KGJT,81
8/16/2017,87,71,54,KGJT,81
8/17/2017,91,76,60,KGJT,81
8/18/2017,94,77,60,KGJT,81
8/19/2017,94,77,60,KGJT,81
8/20/2017,95,78,61,KGJT,81
8/21/2017,94,78,62,KGJT,81
8/22/2017,91,77,63,KGJT,81
8/23/2017,92,78,63,KGJT,81
8/24/2017,90,79,67,KGJT,81
8/25/2017,92,76,59,KGJT,81
8/26/2017,96,77,58,KGJT,81
8/27/2017,97,79,61,KGJT,81
8/28/2017,96,78,60,KGJT,81
8/29/2017,98,78,58,KGJT,81
8/30/2017,95,78,61,KGJT,81
8/31/2017,92,79,66,KGJT,81
8/1/2017,70,65,60,KLND,82
8/2/2017,NA,NA,NA,KLND,82
8/3/2017,NA,NA,NA,KLND,82
8/4/2017,NA,NA,NA,KLND,82
8/5/2017,NA,NA,NA,KLND,82
8/6/2017,NA,NA,NA,KLND,82
8/7/2017,NA,NA,NA,KLND,82
8/8/2017,NA,NA,NA,KLND,82
8/9/2017,NA,NA,NA,KLND,82
8/10/2017,NA,NA,NA,KLND,82
8/11/2017,NA,NA,NA,KLND,82
8/12/2017,NA,NA,NA,KLND,82
8/13/2017,NA,NA,NA,KLND,82
8/14/2017,NA,NA,NA,KLND,82
8/15/2017,NA,NA,NA,KLND,82
8/16/2017,NA,NA,NA,KLND,82
8/17/2017,NA,NA,NA,KLND,82
8/18/2017,NA,NA,NA,KLND,82
8/19/2017,NA,NA,NA,KLND,82
8/20/2017,NA,NA,NA,KLND,82
8/21/2017,NA,NA,NA,KLND,82
8/22/2017,NA,NA,NA,KLND,82
8/23/2017,NA,NA,NA,KLND,82
8/24/2017,NA,NA,NA,KLND,82
8/25/2017,NA,NA,NA,KLND,82
8/26/2017,NA,NA,NA,KLND,82
8/27/2017,NA,NA,NA,KLND,82
8/28/2017,NA,NA,NA,KLND,82
8/29/2017,NA,NA,NA,KLND,82
8/30/2017,NA,NA,NA,KLND,82
8/31/2017,NA,NA,NA,KLND,82
8/1/2017,88,74,60,KHVR,83
8/2/2017,76,65,53,KHVR,83
8/3/2017,85,67,49,KHVR,83
8/4/2017,77,64,50,KHVR,83
8/5/2017,72,62,51,KHVR,83
8/6/2017,80,69,57,KHVR,83
8/7/2017,87,67,47,KHVR,83
8/8/2017,80,67,53,KHVR,83
8/9/2017,80,61,42,KHVR,83
8/10/2017,84,66,47,KHVR,83
8/11/2017,80,66,52,KHVR,83
8/12/2017,85,65,45,KHVR,83
8/13/2017,91,73,55,KHVR,83
8/14/2017,80,69,57,KHVR,83
8/15/2017,80,63,46,KHVR,83
8/16/2017,88,65,42,KHVR,83
8/17/2017,87,69,51,KHVR,83
8/18/2017,92,70,48,KHVR,83
8/19/2017,77,66,55,KHVR,83
8/20/2017,80,64,48,KHVR,83
8/21/2017,79,66,52,KHVR,83
8/22/2017,89,68,47,KHVR,83
8/23/2017,94,71,48,KHVR,83
8/24/2017,88,71,53,KHVR,83
8/25/2017,83,67,50,KHVR,83
8/26/2017,87,67,46,KHVR,83
8/27/2017,93,68,42,KHVR,83
8/28/2017,96,72,47,KHVR,83
8/29/2017,95,75,55,KHVR,83
8/30/2017,97,76,54,KHVR,83
8/31/2017,94,77,60,KHVR,83
8/1/2017,86,77,68,KOLS,84
8/2/2017,89,78,66,KOLS,84
8/3/2017,89,78,68,KOLS,84
8/4/2017,90,78,66,KOLS,84
8/5/2017,90,79,68,KOLS,84
8/6/2017,89,78,66,KOLS,84
8/7/2017,91,76,62,KOLS,84
8/8/2017,96,80,64,KOLS,84
8/9/2017,96,80,64,KOLS,84
8/10/2017,91,80,69,KOLS,84
8/11/2017,95,79,63,KOLS,84
8/12/2017,91,80,69,KOLS,84
8/13/2017,89,78,68,KOLS,84
8/14/2017,89,76,64,KOLS,84
8/15/2017,88,77,66,KOLS,84
8/16/2017,89,73,57,KOLS,84
8/17/2017,91,74,57,KOLS,84
8/18/2017,95,76,57,KOLS,84
8/19/2017,89,78,66,KOLS,84
8/20/2017,87,78,69,KOLS,84
8/21/2017,90,76,63,KOLS,84
8/22/2017,96,81,66,KOLS,84
8/23/2017,93,78,64,KOLS,84
8/24/2017,91,76,62,KOLS,84
8/25/2017,93,78,62,KOLS,84
8/26/2017,96,80,64,KOLS,84
8/27/2017,96,80,64,KOLS,84
8/28/2017,95,82,68,KOLS,84
8/29/2017,95,80,66,KOLS,84
8/30/2017,95,82,68,KOLS,84
8/31/2017,93,78,63,KOLS,84
8/1/2017,97,79,62,KPVU,85
8/2/2017,96,79,63,KPVU,85
8/3/2017,95,80,66,KPVU,85
8/4/2017,93,78,64,KPVU,85
8/5/2017,91,78,66,KPVU,85
8/6/2017,89,75,62,KPVU,85
8/7/2017,81,71,62,KPVU,85
8/8/2017,86,74,63,KPVU,85
8/9/2017,84,73,62,KPVU,85
8/10/2017,86,74,62,KPVU,85
8/11/2017,93,76,59,KPVU,85
8/12/2017,91,75,60,KPVU,85
8/13/2017,91,78,66,KPVU,85
8/14/2017,88,76,64,KPVU,85
8/15/2017,80,68,57,KPVU,85
8/16/2017,86,70,55,KPVU,85
8/17/2017,90,72,55,KPVU,85
8/18/2017,93,75,57,KPVU,85
8/19/2017,91,74,57,KPVU,85
8/20/2017,93,78,62,KPVU,85
8/21/2017,86,73,60,KPVU,85
8/22/2017,89,76,64,KPVU,85
8/23/2017,87,72,60,KPVU,85
8/24/2017,87,73,59,KPVU,85
8/25/2017,91,73,55,KPVU,85
8/26/2017,93,78,62,KPVU,85
8/27/2017,95,76,60,KPVU,85
8/28/2017,93,74,55,KPVU,85
8/29/2017,93,76,60,KPVU,85
8/30/2017,91,78,64,KPVU,85
8/31/2017,81,71,61,KPVU,85
8/1/2017,81,69,56,KFLG,86
8/2/2017,81,68,54,KFLG,86
8/3/2017,78,67,55,KFLG,86
8/4/2017,73,64,55,KFLG,86
8/5/2017,73,64,54,KFLG,86
8/6/2017,75,63,50,KFLG,86
8/7/2017,76,64,52,KFLG,86
8/8/2017,79,63,47,KFLG,86
8/9/2017,80,63,46,KFLG,86
8/10/2017,82,67,51,KFLG,86
8/11/2017,74,64,54,KFLG,86
8/12/2017,76,63,49,KFLG,86
8/13/2017,77,64,50,KFLG,86
8/14/2017,75,63,50,KFLG,86
8/15/2017,68,56,44,KFLG,86
8/16/2017,73,56,38,KFLG,86
8/17/2017,77,60,43,KFLG,86
8/18/2017,80,63,46,KFLG,86
8/19/2017,80,65,50,KFLG,86
8/20/2017,77,65,53,KFLG,86
8/21/2017,76,65,53,KFLG,86
8/22/2017,78,64,50,KFLG,86
8/23/2017,81,65,48,KFLG,86
8/24/2017,74,62,49,KFLG,86
8/25/2017,78,62,46,KFLG,86
8/26/2017,82,65,48,KFLG,86
8/27/2017,86,69,52,KFLG,86
8/28/2017,80,65,49,KFLG,86
8/29/2017,81,65,49,KFLG,86
8/30/2017,82,64,46,KFLG,86
8/31/2017,80,66,51,KFLG,86
8/1/2017,101,85,69,KSLC,87
8/2/2017,100,86,72,KSLC,87
8/3/2017,99,88,77,KSLC,87
8/4/2017,98,87,76,KSLC,87
8/5/2017,96,86,76,KSLC,87
8/6/2017,92,80,68,KSLC,87
8/7/2017,88,80,71,KSLC,87
8/8/2017,88,79,70,KSLC,87
8/9/2017,90,80,69,KSLC,87
8/10/2017,90,78,66,KSLC,87
8/11/2017,96,84,71,KSLC,87
8/12/2017,96,85,74,KSLC,87
8/13/2017,92,81,70,KSLC,87
8/14/2017,85,76,67,KSLC,87
8/15/2017,83,72,60,KSLC,87
8/16/2017,90,75,60,KSLC,87
8/17/2017,92,80,67,KSLC,87
8/18/2017,93,79,65,KSLC,87
8/19/2017,96,81,65,KSLC,87
8/20/2017,96,83,70,KSLC,87
8/21/2017,93,81,69,KSLC,87
8/22/2017,91,81,71,KSLC,87
8/23/2017,89,79,69,KSLC,87
8/24/2017,91,80,68,KSLC,87
8/25/2017,95,82,69,KSLC,87
8/26/2017,97,84,71,KSLC,87
8/27/2017,98,83,67,KSLC,87
8/28/2017,98,83,67,KSLC,87
8/29/2017,99,85,71,KSLC,87
8/30/2017,94,84,73,KSLC,87
8/31/2017,87,79,71,KSLC,87
8/1/2017,94,72,50,KIDA,88
8/2/2017,92,71,50,KIDA,88
8/3/2017,91,72,53,KIDA,88
8/4/2017,92,70,47,KIDA,88
8/5/2017,88,67,45,KIDA,88
8/6/2017,86,69,52,KIDA,88
8/7/2017,80,66,51,KIDA,88
8/8/2017,82,67,51,KIDA,88
8/9/2017,85,67,49,KIDA,88
8/10/2017,83,65,47,KIDA,88
8/11/2017,88,68,47,KIDA,88
8/12/2017,89,70,50,KIDA,88
8/13/2017,86,70,54,KIDA,88
8/14/2017,67,60,53,KIDA,88
8/15/2017,78,62,46,KIDA,88
8/16/2017,84,64,44,KIDA,88
8/17/2017,85,69,53,KIDA,88
8/18/2017,86,65,43,KIDA,88
8/19/2017,89,66,43,KIDA,88
8/20/2017,84,66,47,KIDA,88
8/21/2017,83,66,49,KIDA,88
8/22/2017,90,67,43,KIDA,88
8/23/2017,82,65,48,KIDA,88
8/24/2017,85,65,45,KIDA,88
8/25/2017,89,69,48,KIDA,88
8/26/2017,89,68,46,KIDA,88
8/27/2017,92,68,44,KIDA,88
8/28/2017,93,70,46,KIDA,88
8/29/2017,92,70,48,KIDA,88
8/30/2017,83,68,52,KIDA,88
8/31/2017,82,70,58,KIDA,88
8/1/2017,91,75,59,KHLN,89
8/2/2017,76,68,59,KHLN,89
8/3/2017,87,70,52,KHLN,89
8/4/2017,87,70,53,KHLN,89
8/5/2017,70,63,56,KHLN,89
8/6/2017,82,66,49,KHLN,89
8/7/2017,88,69,50,KHLN,89
8/8/2017,83,72,60,KHLN,89
8/9/2017,85,71,56,KHLN,89
8/10/2017,88,68,47,KHLN,89
8/11/2017,89,73,57,KHLN,89
8/12/2017,90,72,54,KHLN,89
8/13/2017,87,73,58,KHLN,89
8/14/2017,82,69,55,KHLN,89
8/15/2017,84,69,53,KHLN,89
8/16/2017,88,70,51,KHLN,89
8/17/2017,86,71,56,KHLN,89
8/18/2017,91,71,51,KHLN,89
8/19/2017,87,75,63,KHLN,89
8/20/2017,81,68,55,KHLN,89
8/21/2017,84,68,51,KHLN,89
8/22/2017,91,72,52,KHLN,89
8/23/2017,93,74,54,KHLN,89
8/24/2017,86,74,61,KHLN,89
8/25/2017,89,73,56,KHLN,89
8/26/2017,90,70,50,KHLN,89
8/27/2017,93,73,52,KHLN,89
8/28/2017,96,75,53,KHLN,89
8/29/2017,92,78,65,KHLN,89
8/30/2017,94,77,59,KHLN,89
8/31/2017,91,74,57,KHLN,89
8/1/2017,101,94,87,KPHX,90
8/2/2017,96,89,81,KPHX,90
8/3/2017,104,89,74,KPHX,90
8/4/2017,103,90,76,KPHX,90
8/5/2017,106,95,83,KPHX,90
8/6/2017,105,95,84,KPHX,90
8/7/2017,107,95,83,KPHX,90
8/8/2017,108,95,82,KPHX,90
8/9/2017,111,98,85,KPHX,90
8/10/2017,105,97,89,KPHX,90
8/11/2017,108,95,82,KPHX,90
8/12/2017,103,92,80,KPHX,90
8/13/2017,99,86,73,KPHX,90
8/14/2017,103,91,79,KPHX,90
8/15/2017,102,93,83,KPHX,90
8/16/2017,103,91,78,KPHX,90
8/17/2017,104,91,78,KPHX,90
8/18/2017,106,93,79,KPHX,90
8/19/2017,105,93,81,KPHX,90
8/20/2017,102,93,84,KPHX,90
8/21/2017,104,95,85,KPHX,90
8/22/2017,108,96,83,KPHX,90
8/23/2017,107,93,78,KPHX,90
8/24/2017,104,92,79,KPHX,90
8/25/2017,108,97,85,KPHX,90
8/26/2017,110,99,87,KPHX,90
8/27/2017,111,100,89,KPHX,90
8/28/2017,110,100,90,KPHX,90
8/29/2017,109,99,88,KPHX,90
8/30/2017,108,99,89,KPHX,90
8/31/2017,108,97,86,KPHX,90
8/1/2017,100,77,55,KMLF,91
8/2/2017,99,82,64,KMLF,91
8/3/2017,98,81,64,KMLF,91
8/4/2017,91,78,66,KMLF,91
8/5/2017,91,76,61,KMLF,91
8/6/2017,90,76,63,KMLF,91
8/7/2017,86,72,59,KMLF,91
8/8/2017,90,72,55,KMLF,91
8/9/2017,93,72,53,KMLF,91
8/10/2017,93,74,55,KMLF,91
8/11/2017,91,74,59,KMLF,91
8/12/2017,91,78,66,KMLF,91
8/13/2017,91,76,60,KMLF,91
8/14/2017,90,78,66,KMLF,91
8/15/2017,84,72,61,KMLF,91
8/16/2017,91,70,48,KMLF,91
8/17/2017,93,71,51,KMLF,91
8/18/2017,95,75,55,KMLF,91
8/19/2017,96,76,57,KMLF,91
8/20/2017,93,74,55,KMLF,91
8/21/2017,87,76,64,KMLF,91
8/22/2017,88,76,63,KMLF,91
8/23/2017,91,71,51,KMLF,91
8/24/2017,91,70,51,KMLF,91
8/25/2017,93,73,53,KMLF,91
8/26/2017,97,80,62,KMLF,91
8/27/2017,99,77,55,KMLF,91
8/28/2017,100,78,55,KMLF,91
8/29/2017,100,78,55,KMLF,91
8/30/2017,96,76,57,KMLF,91
8/31/2017,88,76,64,KMLF,91
8/1/2017,105,90,75,KSGU,92
8/2/2017,102,92,81,KSGU,92
8/3/2017,99,86,73,KSGU,92
8/4/2017,93,83,73,KSGU,92
8/5/2017,91,80,68,KSGU,92
8/6/2017,96,84,73,KSGU,92
8/7/2017,98,86,75,KSGU,92
8/8/2017,99,86,72,KSGU,92
8/9/2017,100,86,73,KSGU,92
8/10/2017,100,86,71,KSGU,92
8/11/2017,99,86,72,KSGU,92
8/12/2017,97,84,71,KSGU,92
8/13/2017,95,81,69,KSGU,92
8/14/2017,97,83,69,KSGU,92
8/15/2017,93,83,75,KSGU,92
8/16/2017,95,80,64,KSGU,92
8/17/2017,99,82,68,KSGU,92
8/18/2017,100,86,71,KSGU,92
8/19/2017,100,86,72,KSGU,92
8/20/2017,99,86,73,KSGU,92
8/21/2017,91,82,73,KSGU,92
8/22/2017,96,84,73,KSGU,92
8/23/2017,99,84,71,KSGU,92
8/24/2017,93,86,78,KSGU,92
8/25/2017,99,84,70,KSGU,92
8/26/2017,102,86,70,KSGU,92
8/27/2017,106,90,73,KSGU,92
8/28/2017,106,90,75,KSGU,92
8/29/2017,105,90,75,KSGU,92
8/30/2017,104,91,78,KSGU,92
8/31/2017,98,88,79,KSGU,92
8/1/2017,93,85,70,KSMN,93
8/2/2017,93,70,46,KSMN,93
8/3/2017,91,72,52,KSMN,93
8/4/2017,93,72,51,KSMN,93
8/5/2017,86,70,53,KSMN,93
8/6/2017,84,68,51,KSMN,93
8/7/2017,86,68,51,KSMN,93
8/8/2017,87,70,53,KSMN,93
8/9/2017,NA,NA,NA,KSMN,93
8/10/2017,NA,NA,NA,KSMN,93
8/11/2017,NA,NA,NA,KSMN,93
8/12/2017,NA,NA,NA,KSMN,93
8/13/2017,NA,NA,NA,KSMN,93
8/14/2017,NA,NA,NA,KSMN,93
8/15/2017,81,72,57,KSMN,93
8/16/2017,84,65,46,KSMN,93
8/17/2017,84,65,46,KSMN,93
8/18/2017,89,67,46,KSMN,93
8/19/2017,86,67,50,KSMN,93
8/20/2017,82,64,46,KSMN,93
8/21/2017,82,64,45,KSMN,93
8/22/2017,89,66,44,KSMN,93
8/23/2017,84,65,46,KSMN,93
8/24/2017,80,66,53,KSMN,93
8/25/2017,87,66,46,KSMN,93
8/26/2017,88,68,48,KSMN,93
8/27/2017,90,68,45,KSMN,93
8/28/2017,88,65,44,KSMN,93
8/29/2017,91,71,51,KSMN,93
8/30/2017,88,69,51,KSMN,93
8/31/2017,86,68,51,KSMN,93
8/1/2017,112,99,85,KEED,94
8/2/2017,110,94,77,KEED,94
8/3/2017,101,91,81,KEED,94
8/4/2017,109,97,84,KEED,94
8/5/2017,109,99,88,KEED,94
8/6/2017,109,99,88,KEED,94
8/7/2017,110,99,88,KEED,94
8/8/2017,112,99,86,KEED,94
8/9/2017,114,100,86,KEED,94
8/10/2017,114,102,89,KEED,94
8/11/2017,111,101,90,KEED,94
8/12/2017,111,102,92,KEED,94
8/13/2017,110,101,91,KEED,94
8/14/2017,109,98,87,KEED,94
8/15/2017,103,93,82,KEED,94
8/16/2017,103,92,81,KEED,94
8/17/2017,108,94,79,KEED,94
8/18/2017,110,95,80,KEED,94
8/19/2017,109,96,82,KEED,94
8/20/2017,108,97,86,KEED,94
8/21/2017,105,96,86,KEED,94
8/22/2017,109,95,81,KEED,94
8/23/2017,111,98,85,KEED,94
8/24/2017,106,98,90,KEED,94
8/25/2017,112,99,85,KEED,94
8/26/2017,116,101,86,KEED,94
8/27/2017,118,103,88,KEED,94
8/28/2017,116,105,94,KEED,94
8/29/2017,116,104,91,KEED,94
8/30/2017,116,103,90,KEED,94
8/31/2017,112,98,84,KEED,94
8/1/2017,109,96,82,KVGT,95
8/2/2017,105,89,73,KVGT,95
8/3/2017,98,86,74,KVGT,95
8/4/2017,91,83,75,KVGT,95
8/5/2017,99,87,74,KVGT,95
8/6/2017,101,88,75,KVGT,95
8/7/2017,101,91,80,KVGT,95
8/8/2017,103,92,80,KVGT,95
8/9/2017,106,93,80,KVGT,95
8/10/2017,107,92,77,KVGT,95
8/11/2017,101,90,79,KVGT,95
8/12/2017,104,90,75,KVGT,95
8/13/2017,104,87,70,KVGT,95
8/14/2017,101,90,79,KVGT,95
8/15/2017,95,87,79,KVGT,95
8/16/2017,96,86,75,KVGT,95
8/17/2017,100,88,76,KVGT,95
8/18/2017,103,87,71,KVGT,95
8/19/2017,102,89,76,KVGT,95
8/20/2017,102,90,78,KVGT,95
8/21/2017,92,81,70,KVGT,95
8/22/2017,99,83,67,KVGT,95
8/23/2017,100,89,77,KVGT,95
8/24/2017,91,81,71,KVGT,95
8/25/2017,101,87,73,KVGT,95
8/26/2017,105,91,77,KVGT,95
8/27/2017,109,97,84,KVGT,95
8/28/2017,108,96,84,KVGT,95
8/29/2017,108,96,83,KVGT,95
8/30/2017,106,95,83,KVGT,95
8/31/2017,102,92,82,KVGT,95
8/1/2017,100,82,64,KBOI,96
8/2/2017,102,85,67,KBOI,96
8/3/2017,98,83,68,KBOI,96
8/4/2017,98,82,65,KBOI,96
8/5/2017,93,77,60,KBOI,96
8/6/2017,91,79,66,KBOI,96
8/7/2017,92,82,71,KBOI,96
8/8/2017,94,80,66,KBOI,96
8/9/2017,92,79,65,KBOI,96
8/10/2017,95,81,66,KBOI,96
8/11/2017,97,83,68,KBOI,96
8/12/2017,99,85,71,KBOI,96
8/13/2017,83,73,62,KBOI,96
8/14/2017,79,69,58,KBOI,96
8/15/2017,87,71,55,KBOI,96
8/16/2017,89,74,58,KBOI,96
8/17/2017,88,73,57,KBOI,96
8/18/2017,92,76,59,KBOI,96
8/19/2017,87,73,58,KBOI,96
8/20/2017,86,70,54,KBOI,96
8/21/2017,88,72,56,KBOI,96
8/22/2017,93,78,62,KBOI,96
8/23/2017,91,80,68,KBOI,96
8/24/2017,92,79,66,KBOI,96
8/25/2017,91,75,59,KBOI,96
8/26/2017,96,78,60,KBOI,96
8/27/2017,99,81,62,KBOI,96
8/28/2017,97,82,66,KBOI,96
8/29/2017,99,84,68,KBOI,96
8/30/2017,98,84,70,KBOI,96
8/31/2017,89,77,65,KBOI,96
8/1/2017,101,82,63,KLWS,97
8/2/2017,102,84,66,KLWS,97
8/3/2017,102,85,67,KLWS,97
8/4/2017,101,84,67,KLWS,97
8/5/2017,96,82,67,KLWS,97
8/6/2017,98,81,63,KLWS,97
8/7/2017,97,83,68,KLWS,97
8/8/2017,99,82,64,KLWS,97
8/9/2017,97,82,66,KLWS,97
8/10/2017,99,83,67,KLWS,97
8/11/2017,101,83,64,KLWS,97
8/12/2017,92,81,69,KLWS,97
8/13/2017,79,71,63,KLWS,97
8/14/2017,80,68,55,KLWS,97
8/15/2017,87,71,54,KLWS,97
8/16/2017,89,72,55,KLWS,97
8/17/2017,90,75,59,KLWS,97
8/18/2017,94,76,57,KLWS,97
8/19/2017,83,72,60,KLWS,97
8/20/2017,86,71,55,KLWS,97
8/21/2017,91,74,56,KLWS,97
8/22/2017,96,78,59,KLWS,97
8/23/2017,86,74,62,KLWS,97
8/24/2017,89,77,65,KLWS,97
8/25/2017,83,68,53,KLWS,97
8/26/2017,91,72,53,KLWS,97
8/27/2017,97,76,55,KLWS,97
8/28/2017,94,78,61,KLWS,97
8/29/2017,105,84,64,KLWS,97
8/30/2017,98,82,65,KLWS,97
8/31/2017,87,74,61,KLWS,97
8/1/2017,97,75,52,KP68,98
8/2/2017,99,76,52,KP68,98
8/3/2017,96,80,64,KP68,98
8/4/2017,95,77,58,KP68,98
8/5/2017,92,74,55,KP68,98
8/6/2017,81,70,58,KP68,98
8/7/2017,81,67,52,KP68,98
8/8/2017,85,69,52,KP68,98
8/9/2017,87,71,54,KP68,98
8/10/2017,89,69,48,KP68,98
8/11/2017,91,70,48,KP68,98
8/12/2017,92,72,52,KP68,98
8/13/2017,92,72,51,KP68,98
8/14/2017,76,63,50,KP68,98
8/15/2017,82,63,43,KP68,98
8/16/2017,83,66,49,KP68,98
8/17/2017,88,70,51,KP68,98
8/18/2017,92,70,48,KP68,98
8/19/2017,89,70,51,KP68,98
8/20/2017,90,69,47,KP68,98
8/21/2017,89,68,47,KP68,98
8/22/2017,84,69,53,KP68,98
8/23/2017,84,67,50,KP68,98
8/24/2017,87,67,46,KP68,98
8/25/2017,90,72,53,KP68,98
8/26/2017,94,73,51,KP68,98
8/27/2017,93,75,57,KP68,98
8/28/2017,94,76,57,KP68,98
8/29/2017,90,74,58,KP68,98
8/30/2017,79,68,56,KP68,98
8/31/2017,86,66,45,KP68,98
8/1/2017,80,75,70,KSAN,99
8/2/2017,84,78,71,KSAN,99
8/3/2017,81,76,71,KSAN,99
8/4/2017,83,77,71,KSAN,99
8/5/2017,77,74,70,KSAN,99
8/6/2017,78,74,70,KSAN,99
8/7/2017,79,76,72,KSAN,99
8/8/2017,79,75,70,KSAN,99
8/9/2017,78,74,70,KSAN,99
8/10/2017,78,74,69,KSAN,99
8/11/2017,78,73,68,KSAN,99
8/12/2017,78,73,68,KSAN,99
8/13/2017,78,73,67,KSAN,99
8/14/2017,75,71,66,KSAN,99
8/15/2017,70,68,66,KSAN,99
8/16/2017,76,72,67,KSAN,99
8/17/2017,77,72,66,KSAN,99
8/18/2017,77,73,68,KSAN,99
8/19/2017,76,72,68,KSAN,99
8/20/2017,75,72,68,KSAN,99
8/21/2017,78,74,69,KSAN,99
8/22/2017,77,73,69,KSAN,99
8/23/2017,71,69,67,KSAN,99
8/24/2017,71,69,67,KSAN,99
8/25/2017,72,70,67,KSAN,99
8/26/2017,77,72,67,KSAN,99
8/27/2017,78,73,68,KSAN,99
8/28/2017,79,74,68,KSAN,99
8/29/2017,82,75,68,KSAN,99
8/30/2017,85,77,69,KSAN,99
8/31/2017,82,75,68,KSAN,99
8/1/2017,95,79,62,KGEG,100
8/2/2017,93,79,65,KGEG,100
8/3/2017,95,82,68,KGEG,100
8/4/2017,95,81,66,KGEG,100
8/5/2017,90,77,63,KGEG,100
8/6/2017,92,78,64,KGEG,100
8/7/2017,95,80,64,KGEG,100
8/8/2017,94,80,65,KGEG,100
8/9/2017,92,80,67,KGEG,100
8/10/2017,94,79,63,KGEG,100
8/11/2017,97,82,67,KGEG,100
8/12/2017,85,76,66,KGEG,100
8/13/2017,75,67,58,KGEG,100
8/14/2017,75,63,51,KGEG,100
8/15/2017,80,67,54,KGEG,100
8/16/2017,84,69,54,KGEG,100
8/17/2017,84,70,56,KGEG,100
8/18/2017,86,71,56,KGEG,100
8/19/2017,80,67,54,KGEG,100
8/20/2017,80,67,54,KGEG,100
8/21/2017,86,71,56,KGEG,100
8/22/2017,90,75,60,KGEG,100
8/23/2017,84,72,60,KGEG,100
8/24/2017,81,70,58,KGEG,100
8/25/2017,79,64,48,KGEG,100
8/26/2017,85,69,52,KGEG,100
8/27/2017,92,74,56,KGEG,100
8/28/2017,91,75,59,KGEG,100
8/29/2017,98,80,62,KGEG,100
8/30/2017,91,78,65,KGEG,100
8/31/2017,84,71,58,KGEG,100
8/1/2017,93,68,43,KBKE,101
8/2/2017,102,72,48,KBKE,101
8/3/2017,99,84,60,KBKE,101
8/4/2017,99,74,48,KBKE,101
8/5/2017,94,73,51,KBKE,101
8/6/2017,92,71,49,KBKE,101
8/7/2017,93,73,52,KBKE,101
8/8/2017,95,72,48,KBKE,101
8/9/2017,96,74,51,KBKE,101
8/10/2017,97,73,49,KBKE,101
8/11/2017,98,74,50,KBKE,101
8/12/2017,93,75,56,KBKE,101
8/13/2017,72,63,53,KBKE,101
8/14/2017,80,62,44,KBKE,101
8/15/2017,87,64,40,KBKE,101
8/16/2017,88,67,46,KBKE,101
8/17/2017,89,69,49,KBKE,101
8/18/2017,93,68,42,KBKE,101
8/19/2017,82,68,53,KBKE,101
8/20/2017,87,65,42,KBKE,101
8/21/2017,88,66,43,KBKE,101
8/22/2017,98,72,45,KBKE,101
8/23/2017,89,74,59,KBKE,101
8/24/2017,84,69,54,KBKE,101
8/25/2017,85,66,47,KBKE,101
8/26/2017,88,65,41,KBKE,101
8/27/2017,101,72,42,KBKE,101
8/28/2017,99,75,51,KBKE,101
8/29/2017,102,78,53,KBKE,101
8/30/2017,96,74,52,KBKE,101
8/31/2017,85,68,51,KBKE,101
8/1/2017,91,80,69,KCQT,102
8/2/2017,93,84,74,KCQT,102
8/3/2017,92,83,74,KCQT,102
8/4/2017,86,79,71,KCQT,102
8/5/2017,87,79,70,KCQT,102
8/6/2017,83,76,68,KCQT,102
8/7/2017,83,75,67,KCQT,102
8/8/2017,87,78,68,KCQT,102
8/9/2017,84,75,66,KCQT,102
8/10/2017,85,76,67,KCQT,102
8/11/2017,83,75,66,KCQT,102
8/12/2017,85,75,65,KCQT,102
8/13/2017,84,75,65,KCQT,102
8/14/2017,81,74,66,KCQT,102
8/15/2017,77,72,67,KCQT,102
8/16/2017,80,74,67,KCQT,102
8/17/2017,81,73,65,KCQT,102
8/18/2017,81,73,65,KCQT,102
8/19/2017,83,75,67,KCQT,102
8/20/2017,82,75,68,KCQT,102
8/21/2017,82,75,67,KCQT,102
8/22/2017,82,74,66,KCQT,102
8/23/2017,79,73,67,KCQT,102
8/24/2017,79,74,68,KCQT,102
8/25/2017,81,75,68,KCQT,102
8/26/2017,87,78,68,KCQT,102
8/27/2017,83,75,67,KCQT,102
8/28/2017,88,78,67,KCQT,102
8/29/2017,96,83,70,KCQT,102
8/30/2017,92,82,71,KCQT,102
8/31/2017,102,88,74,KCQT,102
8/1/2017,106,91,75,KFAT,103
8/2/2017,107,94,80,KFAT,103
8/3/2017,104,95,85,KFAT,103
8/4/2017,93,86,79,KFAT,103
8/5/2017,99,86,73,KFAT,103
8/6/2017,99,85,70,KFAT,103
8/7/2017,98,84,69,KFAT,103
8/8/2017,99,84,68,KFAT,103
8/9/2017,100,84,68,KFAT,103
8/10/2017,99,83,66,KFAT,103
8/11/2017,101,85,68,KFAT,103
8/12/2017,101,86,70,KFAT,103
8/13/2017,101,85,68,KFAT,103
8/14/2017,93,80,67,KFAT,103
8/15/2017,88,75,62,KFAT,103
8/16/2017,90,77,63,KFAT,103
8/17/2017,95,82,68,KFAT,103
8/18/2017,98,85,71,KFAT,103
8/19/2017,100,87,73,KFAT,103
8/20/2017,96,82,68,KFAT,103
8/21/2017,92,80,68,KFAT,103
8/22/2017,97,82,66,KFAT,103
8/23/2017,97,83,68,KFAT,103
8/24/2017,97,84,70,KFAT,103
8/25/2017,101,85,69,KFAT,103
8/26/2017,105,89,72,KFAT,103
8/27/2017,106,89,72,KFAT,103
8/28/2017,109,91,73,KFAT,103
8/29/2017,109,95,80,KFAT,103
8/30/2017,103,90,77,KFAT,103
8/31/2017,103,88,72,KFAT,103
8/1/2017,103,86,68,KRNO,104
8/2/2017,104,87,70,KRNO,104
8/3/2017,101,85,68,KRNO,104
8/4/2017,98,84,70,KRNO,104
8/5/2017,91,79,67,KRNO,104
8/6/2017,89,76,63,KRNO,104
8/7/2017,89,74,58,KRNO,104
8/8/2017,93,76,59,KRNO,104
8/9/2017,91,78,65,KRNO,104
8/10/2017,92,75,58,KRNO,104
8/11/2017,93,78,63,KRNO,104
8/12/2017,93,76,59,KRNO,104
8/13/2017,92,77,61,KRNO,104
8/14/2017,87,75,63,KRNO,104
8/15/2017,90,75,59,KRNO,104
8/16/2017,93,79,65,KRNO,104
8/17/2017,95,79,63,KRNO,104
8/18/2017,97,80,62,KRNO,104
8/19/2017,96,80,64,KRNO,104
8/20/2017,94,80,65,KRNO,104
8/21/2017,94,78,62,KRNO,104
8/22/2017,91,77,62,KRNO,104
8/23/2017,91,74,56,KRNO,104
8/24/2017,92,76,59,KRNO,104
8/25/2017,94,78,61,KRNO,104
8/26/2017,97,80,63,KRNO,104
8/27/2017,100,83,65,KRNO,104
8/28/2017,99,82,65,KRNO,104
8/29/2017,98,83,67,KRNO,104
8/30/2017,96,80,63,KRNO,104
8/31/2017,95,77,59,KRNO,104
8/1/2017,101,81,61,KSAC,105
8/2/2017,100,85,70,KSAC,105
8/3/2017,98,85,71,KSAC,105
8/4/2017,89,80,70,KSAC,105
8/5/2017,91,78,65,KSAC,105
8/6/2017,87,73,59,KSAC,105
8/7/2017,90,75,60,KSAC,105
8/8/2017,92,76,59,KSAC,105
8/9/2017,88,73,58,KSAC,105
8/10/2017,92,76,59,KSAC,105
8/11/2017,95,78,60,KSAC,105
8/12/2017,92,78,63,KSAC,105
8/13/2017,88,74,60,KSAC,105
8/14/2017,79,69,59,KSAC,105
8/15/2017,82,69,56,KSAC,105
8/16/2017,88,73,57,KSAC,105
8/17/2017,91,76,60,KSAC,105
8/18/2017,93,76,59,KSAC,105
8/19/2017,89,74,59,KSAC,105
8/20/2017,87,73,59,KSAC,105
8/21/2017,82,72,62,KSAC,105
8/22/2017,93,77,60,KSAC,105
8/23/2017,94,77,60,KSAC,105
8/24/2017,88,74,60,KSAC,105
8/25/2017,95,76,57,KSAC,105
8/26/2017,105,83,60,KSAC,105
8/27/2017,108,87,66,KSAC,105
8/28/2017,110,88,65,KSAC,105
8/29/2017,96,80,64,KSAC,105
8/30/2017,95,77,59,KSAC,105
8/31/2017,101,79,56,KSAC,105
8/1/2017,99,79,58,KLMT,106
8/2/2017,99,79,59,KLMT,106
8/3/2017,98,78,58,KLMT,106
8/4/2017,94,75,56,KLMT,106
8/5/2017,81,64,47,KLMT,106
8/6/2017,87,70,52,KLMT,106
8/7/2017,84,71,57,KLMT,106
8/8/2017,86,68,49,KLMT,106
8/9/2017,87,70,53,KLMT,106
8/10/2017,89,70,51,KLMT,106
8/11/2017,86,70,53,KLMT,106
8/12/2017,87,71,55,KLMT,106
8/13/2017,83,66,48,KLMT,106
8/14/2017,80,67,53,KLMT,106
8/15/2017,83,64,45,KLMT,106
8/16/2017,87,67,46,KLMT,106
8/17/2017,88,67,46,KLMT,106
8/18/2017,89,68,46,KLMT,106
8/19/2017,85,65,44,KLMT,106
8/20/2017,86,67,47,KLMT,106
8/21/2017,91,71,51,KLMT,106
8/22/2017,90,71,51,KLMT,106
8/23/2017,85,70,55,KLMT,106
8/24/2017,84,67,49,KLMT,106
8/25/2017,86,66,45,KLMT,106
8/26/2017,90,69,48,KLMT,106
8/27/2017,91,70,49,KLMT,106
8/28/2017,93,72,50,KLMT,106
8/29/2017,95,72,48,KLMT,106
8/30/2017,87,67,47,KLMT,106
8/31/2017,86,64,42,KLMT,106
8/1/2017,87,74,62,KBFI,107
8/2/2017,87,77,68,KBFI,107
8/3/2017,90,80,69,KBFI,107
8/4/2017,93,80,66,KBFI,107
8/5/2017,82,70,59,KBFI,107
8/6/2017,79,70,61,KBFI,107
8/7/2017,82,72,61,KBFI,107
8/8/2017,86,73,62,KBFI,107
8/9/2017,87,74,63,KBFI,107
8/10/2017,87,75,63,KBFI,107
8/11/2017,80,70,60,KBFI,107
8/12/2017,75,67,59,KBFI,107
8/13/2017,71,66,61,KBFI,107
8/14/2017,73,65,59,KBFI,107
8/15/2017,77,67,57,KBFI,107
8/16/2017,81,70,59,KBFI,107
8/17/2017,77,68,62,KBFI,107
8/18/2017,73,66,59,KBFI,107
8/19/2017,77,67,59,KBFI,107
8/20/2017,75,66,57,KBFI,107
8/21/2017,81,70,59,KBFI,107
8/22/2017,88,74,61,KBFI,107
8/23/2017,73,66,60,KBFI,107
8/24/2017,72,66,60,KBFI,107
8/25/2017,75,65,57,KBFI,107
8/26/2017,81,68,57,KBFI,107
8/27/2017,84,72,61,KBFI,107
8/28/2017,88,74,62,KBFI,107
8/29/2017,87,75,63,KBFI,107
8/30/2017,77,68,62,KBFI,107
8/31/2017,73,68,62,KBFI,107
8/1/2017,75,65,54,KSFO,108
8/2/2017,80,68,56,KSFO,108
8/3/2017,78,70,61,KSFO,108
8/4/2017,76,68,60,KSFO,108
8/5/2017,73,66,59,KSFO,108
8/6/2017,71,66,61,KSFO,108
8/7/2017,71,66,61,KSFO,108
8/8/2017,72,66,60,KSFO,108
8/9/2017,67,63,59,KSFO,108
8/10/2017,71,65,59,KSFO,108
8/11/2017,71,65,58,KSFO,108
8/12/2017,73,67,60,KSFO,108
8/13/2017,72,66,60,KSFO,108
8/14/2017,63,61,59,KSFO,108
8/15/2017,73,66,59,KSFO,108
8/16/2017,75,68,60,KSFO,108
8/17/2017,72,66,60,KSFO,108
8/18/2017,72,66,59,KSFO,108
8/19/2017,76,68,59,KSFO,108
8/20/2017,72,67,61,KSFO,108
8/21/2017,75,68,61,KSFO,108
8/22/2017,73,67,60,KSFO,108
8/23/2017,70,65,59,KSFO,108
8/24/2017,70,64,58,KSFO,108
8/25/2017,69,62,55,KSFO,108
8/26/2017,81,67,53,KSFO,108
8/27/2017,77,69,60,KSFO,108
8/28/2017,73,66,58,KSFO,108
8/29/2017,67,63,58,KSFO,108
8/30/2017,69,63,56,KSFO,108
8/31/2017,88,72,56,KSFO,108
8/1/2017,96,77,58,KVUO,109
8/2/2017,102,82,62,KVUO,109
8/3/2017,105,84,63,KVUO,109
8/4/2017,96,79,61,KVUO,109
8/5/2017,89,73,56,KVUO,109
8/6/2017,88,74,60,KVUO,109
8/7/2017,89,76,63,KVUO,109
8/8/2017,92,77,61,KVUO,109
8/9/2017,94,78,62,KVUO,109
8/10/2017,90,76,62,KVUO,109
8/11/2017,85,74,62,KVUO,109
8/12/2017,80,70,59,KVUO,109
8/13/2017,75,68,61,KVUO,109
8/14/2017,75,63,51,KVUO,109
8/15/2017,82,67,52,KVUO,109
8/16/2017,84,69,54,KVUO,109
8/17/2017,80,71,62,KVUO,109
8/18/2017,82,70,57,KVUO,109
8/19/2017,79,69,59,KVUO,109
8/20/2017,80,68,56,KVUO,109
8/21/2017,90,75,60,KVUO,109
8/22/2017,87,74,60,KVUO,109
8/23/2017,83,72,61,KVUO,109
8/24/2017,75,68,61,KVUO,109
8/25/2017,81,67,53,KVUO,109
8/26/2017,91,72,53,KVUO,109
8/27/2017,95,76,56,KVUO,109
8/28/2017,97,79,60,KVUO,109
8/29/2017,88,74,60,KVUO,109
8/30/2017,80,69,58,KVUO,109
8/31/2017,83,74,64,KVUO,109
8/1/2017,98,75,52,KEUG,110
8/2/2017,102,79,56,KEUG,110
8/3/2017,102,81,59,KEUG,110
8/4/2017,95,78,60,KEUG,110
8/5/2017,89,70,51,KEUG,110
8/6/2017,86,70,53,KEUG,110
8/7/2017,91,76,60,KEUG,110
8/8/2017,94,75,55,KEUG,110
8/9/2017,95,77,58,KEUG,110
8/10/2017,91,76,60,KEUG,110
8/11/2017,80,69,58,KEUG,110
8/12/2017,76,68,59,KEUG,110
8/13/2017,69,63,57,KEUG,110
8/14/2017,75,61,46,KEUG,110
8/15/2017,81,62,43,KEUG,110
8/16/2017,87,68,48,KEUG,110
8/17/2017,86,68,49,KEUG,110
8/18/2017,87,69,50,KEUG,110
8/19/2017,81,68,55,KEUG,110
8/20/2017,85,68,51,KEUG,110
8/21/2017,85,70,54,KEUG,110
8/22/2017,87,71,55,KEUG,110
8/23/2017,81,67,52,KEUG,110
8/24/2017,77,67,56,KEUG,110
8/25/2017,81,64,46,KEUG,110
8/26/2017,89,68,46,KEUG,110
8/27/2017,91,71,50,KEUG,110
8/28/2017,97,75,52,KEUG,110
8/29/2017,87,73,58,KEUG,110
8/30/2017,81,66,50,KEUG,110
8/31/2017,86,67,48,KEUG,110
8/1/2017,83,67,50,KHQM,111
8/2/2017,89,73,56,KHQM,111
8/3/2017,89,74,59,KHQM,111
8/4/2017,69,64,59,KHQM,111
8/5/2017,70,64,58,KHQM,111
8/6/2017,67,62,56,KHQM,111
8/7/2017,64,60,55,KHQM,111
8/8/2017,64,60,55,KHQM,111
8/9/2017,61,59,56,KHQM,111
8/10/2017,63,60,56,KHQM,111
8/11/2017,62,59,56,KHQM,111
8/12/2017,66,61,56,KHQM,111
8/13/2017,68,62,56,KHQM,111
8/14/2017,68,59,50,KHQM,111
8/15/2017,71,60,49,KHQM,111
8/16/2017,68,61,53,KHQM,111
8/17/2017,67,62,57,KHQM,111
8/18/2017,68,60,52,KHQM,111
8/19/2017,68,61,53,KHQM,111
8/20/2017,72,61,50,KHQM,111
8/21/2017,76,65,53,KHQM,111
8/22/2017,66,59,52,KHQM,111
8/23/2017,66,62,57,KHQM,111
8/24/2017,68,61,53,KHQM,111
8/25/2017,70,59,47,KHQM,111
8/26/2017,77,63,49,KHQM,111
8/27/2017,82,67,51,KHQM,111
8/28/2017,93,75,57,KHQM,111
8/29/2017,67,63,59,KHQM,111
8/30/2017,69,64,59,KHQM,111
8/31/2017,71,63,54,KHQM,111
8/1/2017,66,60,55,PAMR,112
8/2/2017,63,60,57,PAMR,112
8/3/2017,61,58,55,PAMR,112
8/4/2017,71,61,52,PAMR,112
8/5/2017,75,62,51,PAMR,112
8/6/2017,66,60,55,PAMR,112
8/7/2017,66,58,50,PAMR,112
8/8/2017,72,62,55,PAMR,112
8/9/2017,64,59,54,PAMR,112
8/10/2017,64,59,54,PAMR,112
8/11/2017,57,54,52,PAMR,112
8/12/2017,60,56,52,PAMR,112
8/13/2017,60,54,48,PAMR,112
8/14/2017,64,57,50,PAMR,112
8/15/2017,64,58,53,PAMR,112
8/16/2017,55,52,48,PAMR,112
8/17/2017,57,52,46,PAMR,112
8/18/2017,57,52,48,PAMR,112
8/19/2017,61,54,48,PAMR,112
8/20/2017,54,52,50,PAMR,112
8/21/2017,55,52,48,PAMR,112
8/22/2017,66,58,51,PAMR,112
8/23/2017,61,54,50,PAMR,112
8/24/2017,57,54,51,PAMR,112
8/25/2017,60,54,48,PAMR,112
8/26/2017,64,56,48,PAMR,112
8/27/2017,64,53,44,PAMR,112
8/28/2017,62,54,46,PAMR,112
8/29/2017,64,56,48,PAMR,112
8/30/2017,63,56,51,PAMR,112
8/31/2017,54,50,48,PAMR,112
8/1/2017,88,81,74,PHNL,113
8/2/2017,88,80,72,PHNL,113
8/3/2017,90,81,71,PHNL,113
8/4/2017,87,81,75,PHNL,113
8/5/2017,88,83,77,PHNL,113
8/6/2017,88,83,77,PHNL,113
8/7/2017,88,82,76,PHNL,113
8/8/2017,89,82,75,PHNL,113
8/9/2017,89,83,76,PHNL,113
8/10/2017,89,83,77,PHNL,113
8/11/2017,89,84,78,PHNL,113
8/12/2017,89,84,78,PHNL,113
8/13/2017,90,84,77,PHNL,113
8/14/2017,88,81,74,PHNL,113
8/15/2017,88,82,75,PHNL,113
8/16/2017,88,81,74,PHNL,113
8/17/2017,91,83,75,PHNL,113
8/18/2017,90,84,77,PHNL,113
8/19/2017,91,84,76,PHNL,113
8/20/2017,86,79,71,PHNL,113
8/21/2017,85,79,73,PHNL,113
8/22/2017,85,80,74,PHNL,113
8/23/2017,84,79,74,PHNL,113
8/24/2017,87,79,70,PHNL,113
8/25/2017,84,78,73,PHNL,113
8/26/2017,89,80,72,PHNL,113
8/27/2017,84,78,72,PHNL,113
8/28/2017,91,80,70,PHNL,113
8/29/2017,88,82,75,PHNL,113
8/30/2017,89,82,75,PHNL,113
8/31/2017,90,84,77,PHNL,113
